--------------------------------------------------------
--  File created - Sunday-May-09-2021   
--------------------------------------------------------
--------------------------------------------------------
--  DDL for Sequence ERTEKELES_SEQ
--------------------------------------------------------

   CREATE SEQUENCE  "SHOP_ADMIN"."ERTEKELES_SEQ"  MINVALUE 1 MAXVALUE 9999999999999999999999999999 INCREMENT BY 1 START WITH 112 CACHE 20 NOORDER  NOCYCLE  NOKEEP  NOSCALE  GLOBAL ;
--------------------------------------------------------
--  DDL for Sequence FELHASZNALO_SEQ
--------------------------------------------------------

   CREATE SEQUENCE  "SHOP_ADMIN"."FELHASZNALO_SEQ"  MINVALUE 1 MAXVALUE 9999999999999999999999999999 INCREMENT BY 1 START WITH 68 CACHE 20 NOORDER  NOCYCLE  NOKEEP  NOSCALE  GLOBAL ;
--------------------------------------------------------
--  DDL for Sequence KISZALLITAS_SEQ
--------------------------------------------------------

   CREATE SEQUENCE  "SHOP_ADMIN"."KISZALLITAS_SEQ"  MINVALUE 1 MAXVALUE 9999999999999999999999999999 INCREMENT BY 1 START WITH 1230 CACHE 20 NOORDER  NOCYCLE  NOKEEP  NOSCALE  GLOBAL ;
--------------------------------------------------------
--  DDL for Sequence LAKCIM_SEQ
--------------------------------------------------------

   CREATE SEQUENCE  "SHOP_ADMIN"."LAKCIM_SEQ"  MINVALUE 1 MAXVALUE 9999999999999999999999999999 INCREMENT BY 1 START WITH 971 CACHE 20 NOORDER  NOCYCLE  NOKEEP  NOSCALE  GLOBAL ;
--------------------------------------------------------
--  DDL for Sequence RENDELES_SEQ
--------------------------------------------------------

   CREATE SEQUENCE  "SHOP_ADMIN"."RENDELES_SEQ"  MINVALUE 1 MAXVALUE 9999999999999999999999999999 INCREMENT BY 1 START WITH 1232 CACHE 20 NOORDER  NOCYCLE  NOKEEP  NOSCALE  GLOBAL ;
--------------------------------------------------------
--  DDL for Sequence TERMEK_SEQ
--------------------------------------------------------

   CREATE SEQUENCE  "SHOP_ADMIN"."TERMEK_SEQ"  MINVALUE 1 MAXVALUE 9999999999999999999999999999 INCREMENT BY 1 START WITH 1071 CACHE 20 NOORDER  NOCYCLE  NOKEEP  NOSCALE  GLOBAL ;
--------------------------------------------------------
--  DDL for Table ADMINISZTRATOR
--------------------------------------------------------

  CREATE TABLE "SHOP_ADMIN"."ADMINISZTRATOR" 
   (	"ID" NUMBER, 
	"TERMEKETHOZZAADHAT" NUMBER(1,0), 
	"MODERALHAT" NUMBER(1,0), 
	"BEOSZTAS" VARCHAR2(25 BYTE), 
	"SZOLGALTATASTHOZZAADHAT" NUMBER(1,0)
   ) SEGMENT CREATION IMMEDIATE 
  PCTFREE 10 PCTUSED 40 INITRANS 1 MAXTRANS 255 
 NOCOMPRESS LOGGING
  STORAGE(INITIAL 65536 NEXT 1048576 MINEXTENTS 1 MAXEXTENTS 2147483645
  PCTINCREASE 0 FREELISTS 1 FREELIST GROUPS 1
  BUFFER_POOL DEFAULT FLASH_CACHE DEFAULT CELL_FLASH_CACHE DEFAULT)
  TABLESPACE "USERS" ;
--------------------------------------------------------
--  DDL for Table ERTEKELES
--------------------------------------------------------

  CREATE TABLE "SHOP_ADMIN"."ERTEKELES" 
   (	"ID" NUMBER DEFAULT "SHOP_ADMIN"."ERTEKELES_SEQ"."NEXTVAL", 
	"FELHASZNALOID" NUMBER, 
	"TERMEKID" NUMBER, 
	"SZOLGALTATASID" NUMBER, 
	"DATUM" DATE, 
	"SZOVEG" VARCHAR2(280 BYTE), 
	"CSILLAG" NUMBER(1,0)
   ) SEGMENT CREATION IMMEDIATE 
  PCTFREE 10 PCTUSED 40 INITRANS 1 MAXTRANS 255 
 NOCOMPRESS LOGGING
  STORAGE(INITIAL 65536 NEXT 1048576 MINEXTENTS 1 MAXEXTENTS 2147483645
  PCTINCREASE 0 FREELISTS 1 FREELIST GROUPS 1
  BUFFER_POOL DEFAULT FLASH_CACHE DEFAULT CELL_FLASH_CACHE DEFAULT)
  TABLESPACE "USERS" ;
--------------------------------------------------------
--  DDL for Table FELHASZNALO
--------------------------------------------------------

  CREATE TABLE "SHOP_ADMIN"."FELHASZNALO" 
   (	"ID" NUMBER DEFAULT "SHOP_ADMIN"."FELHASZNALO_SEQ"."NEXTVAL", 
	"FELHASZNALONEV" VARCHAR2(25 BYTE), 
	"NEV" VARCHAR2(50 BYTE), 
	"HASH" VARCHAR2(60 BYTE), 
	"TELEFONSZAM" VARCHAR2(13 BYTE), 
	"EMAIL" VARCHAR2(40 BYTE), 
	"LAKCIMID" NUMBER
   ) SEGMENT CREATION IMMEDIATE 
  PCTFREE 10 PCTUSED 40 INITRANS 1 MAXTRANS 255 
 NOCOMPRESS LOGGING
  STORAGE(INITIAL 65536 NEXT 1048576 MINEXTENTS 1 MAXEXTENTS 2147483645
  PCTINCREASE 0 FREELISTS 1 FREELIST GROUPS 1
  BUFFER_POOL DEFAULT FLASH_CACHE DEFAULT CELL_FLASH_CACHE DEFAULT)
  TABLESPACE "USERS" ;
--------------------------------------------------------
--  DDL for Table FELHASZNALOSZAMLALO
--------------------------------------------------------

  CREATE TABLE "SHOP_ADMIN"."FELHASZNALOSZAMLALO" 
   (	"ERTEK" NUMBER
   ) SEGMENT CREATION IMMEDIATE 
  PCTFREE 10 PCTUSED 40 INITRANS 1 MAXTRANS 255 
 NOCOMPRESS LOGGING
  STORAGE(INITIAL 65536 NEXT 1048576 MINEXTENTS 1 MAXEXTENTS 2147483645
  PCTINCREASE 0 FREELISTS 1 FREELIST GROUPS 1
  BUFFER_POOL DEFAULT FLASH_CACHE DEFAULT CELL_FLASH_CACHE DEFAULT)
  TABLESPACE "USERS" ;
--------------------------------------------------------
--  DDL for Table JELSZOVALTASNAPLO
--------------------------------------------------------

  CREATE TABLE "SHOP_ADMIN"."JELSZOVALTASNAPLO" 
   (	"DATUM" DATE, 
	"FELHASZNALOID" NUMBER, 
	"REGIHASH" VARCHAR2(50 BYTE), 
	"UJHASH" VARCHAR2(50 BYTE)
   ) SEGMENT CREATION IMMEDIATE 
  PCTFREE 10 PCTUSED 40 INITRANS 1 MAXTRANS 255 
 NOCOMPRESS LOGGING
  STORAGE(INITIAL 65536 NEXT 1048576 MINEXTENTS 1 MAXEXTENTS 2147483645
  PCTINCREASE 0 FREELISTS 1 FREELIST GROUPS 1
  BUFFER_POOL DEFAULT FLASH_CACHE DEFAULT CELL_FLASH_CACHE DEFAULT)
  TABLESPACE "USERS" ;
--------------------------------------------------------
--  DDL for Table KATEGORIA
--------------------------------------------------------

  CREATE TABLE "SHOP_ADMIN"."KATEGORIA" 
   (	"ID" NUMBER, 
	"NEV" VARCHAR2(50 BYTE)
   ) SEGMENT CREATION IMMEDIATE 
  PCTFREE 10 PCTUSED 40 INITRANS 1 MAXTRANS 255 
 NOCOMPRESS LOGGING
  STORAGE(INITIAL 65536 NEXT 1048576 MINEXTENTS 1 MAXEXTENTS 2147483645
  PCTINCREASE 0 FREELISTS 1 FREELIST GROUPS 1
  BUFFER_POOL DEFAULT FLASH_CACHE DEFAULT CELL_FLASH_CACHE DEFAULT)
  TABLESPACE "USERS" ;
--------------------------------------------------------
--  DDL for Table KISZALLITAS
--------------------------------------------------------

  CREATE TABLE "SHOP_ADMIN"."KISZALLITAS" 
   (	"KISZALLITASISZAM" NUMBER DEFAULT "SHOP_ADMIN"."KISZALLITAS_SEQ"."NEXTVAL", 
	"FELHASZNALOID" NUMBER, 
	"ATVEVONEV" VARCHAR2(50 BYTE), 
	"LAKCIMID" NUMBER
   ) SEGMENT CREATION IMMEDIATE 
  PCTFREE 10 PCTUSED 40 INITRANS 1 MAXTRANS 255 
 NOCOMPRESS LOGGING
  STORAGE(INITIAL 65536 NEXT 1048576 MINEXTENTS 1 MAXEXTENTS 2147483645
  PCTINCREASE 0 FREELISTS 1 FREELIST GROUPS 1
  BUFFER_POOL DEFAULT FLASH_CACHE DEFAULT CELL_FLASH_CACHE DEFAULT)
  TABLESPACE "USERS" ;
--------------------------------------------------------
--  DDL for Table KUPON
--------------------------------------------------------

  CREATE TABLE "SHOP_ADMIN"."KUPON" 
   (	"KOD" NUMBER, 
	"KEDVEZMENY" NUMBER, 
	"LEJARATIDATUM" DATE
   ) SEGMENT CREATION IMMEDIATE 
  PCTFREE 10 PCTUSED 40 INITRANS 1 MAXTRANS 255 
 NOCOMPRESS LOGGING
  STORAGE(INITIAL 65536 NEXT 1048576 MINEXTENTS 1 MAXEXTENTS 2147483645
  PCTINCREASE 0 FREELISTS 1 FREELIST GROUPS 1
  BUFFER_POOL DEFAULT FLASH_CACHE DEFAULT CELL_FLASH_CACHE DEFAULT)
  TABLESPACE "USERS" ;
--------------------------------------------------------
--  DDL for Table LAKCIM
--------------------------------------------------------

  CREATE TABLE "SHOP_ADMIN"."LAKCIM" 
   (	"ID" NUMBER DEFAULT "SHOP_ADMIN"."LAKCIM_SEQ"."NEXTVAL", 
	"VAROS" VARCHAR2(25 BYTE), 
	"UTCA" VARCHAR2(25 BYTE), 
	"HAZSZAM" VARCHAR2(10 BYTE)
   ) SEGMENT CREATION IMMEDIATE 
  PCTFREE 10 PCTUSED 40 INITRANS 1 MAXTRANS 255 
 NOCOMPRESS LOGGING
  STORAGE(INITIAL 65536 NEXT 1048576 MINEXTENTS 1 MAXEXTENTS 2147483645
  PCTINCREASE 0 FREELISTS 1 FREELIST GROUPS 1
  BUFFER_POOL DEFAULT FLASH_CACHE DEFAULT CELL_FLASH_CACHE DEFAULT)
  TABLESPACE "USERS" ;
--------------------------------------------------------
--  DDL for Table RENDELES
--------------------------------------------------------

  CREATE TABLE "SHOP_ADMIN"."RENDELES" 
   (	"RENDELESSZAM" NUMBER DEFAULT "SHOP_ADMIN"."RENDELES_SEQ"."NEXTVAL", 
	"FELHASZNALOID" NUMBER, 
	"MIKOR" DATE, 
	"KUPONKOD" NUMBER
   ) SEGMENT CREATION IMMEDIATE 
  PCTFREE 10 PCTUSED 40 INITRANS 1 MAXTRANS 255 
 NOCOMPRESS LOGGING
  STORAGE(INITIAL 65536 NEXT 1048576 MINEXTENTS 1 MAXEXTENTS 2147483645
  PCTINCREASE 0 FREELISTS 1 FREELIST GROUPS 1
  BUFFER_POOL DEFAULT FLASH_CACHE DEFAULT CELL_FLASH_CACHE DEFAULT)
  TABLESPACE "USERS" ;
--------------------------------------------------------
--  DDL for Table RENDELESSZOLGALTATAS
--------------------------------------------------------

  CREATE TABLE "SHOP_ADMIN"."RENDELESSZOLGALTATAS" 
   (	"RENDELESSZAM" NUMBER, 
	"SZOLGALTATASID" NUMBER
   ) SEGMENT CREATION IMMEDIATE 
  PCTFREE 10 PCTUSED 40 INITRANS 1 MAXTRANS 255 
 NOCOMPRESS LOGGING
  STORAGE(INITIAL 65536 NEXT 1048576 MINEXTENTS 1 MAXEXTENTS 2147483645
  PCTINCREASE 0 FREELISTS 1 FREELIST GROUPS 1
  BUFFER_POOL DEFAULT FLASH_CACHE DEFAULT CELL_FLASH_CACHE DEFAULT)
  TABLESPACE "USERS" ;
--------------------------------------------------------
--  DDL for Table RENDELESTERMEK
--------------------------------------------------------

  CREATE TABLE "SHOP_ADMIN"."RENDELESTERMEK" 
   (	"RENDELESSZAM" NUMBER, 
	"TERMEKID" NUMBER, 
	"MENNYISEG" NUMBER
   ) SEGMENT CREATION IMMEDIATE 
  PCTFREE 10 PCTUSED 40 INITRANS 1 MAXTRANS 255 
 NOCOMPRESS LOGGING
  STORAGE(INITIAL 65536 NEXT 1048576 MINEXTENTS 1 MAXEXTENTS 2147483645
  PCTINCREASE 0 FREELISTS 1 FREELIST GROUPS 1
  BUFFER_POOL DEFAULT FLASH_CACHE DEFAULT CELL_FLASH_CACHE DEFAULT)
  TABLESPACE "USERS" ;
--------------------------------------------------------
--  DDL for Table SZOLGALTATAS
--------------------------------------------------------

  CREATE TABLE "SHOP_ADMIN"."SZOLGALTATAS" 
   (	"ID" NUMBER, 
	"NEV" VARCHAR2(50 BYTE), 
	"AR" NUMBER, 
	"LEIRAS" VARCHAR2(280 BYTE)
   ) SEGMENT CREATION IMMEDIATE 
  PCTFREE 10 PCTUSED 40 INITRANS 1 MAXTRANS 255 
 NOCOMPRESS LOGGING
  STORAGE(INITIAL 65536 NEXT 1048576 MINEXTENTS 1 MAXEXTENTS 2147483645
  PCTINCREASE 0 FREELISTS 1 FREELIST GROUPS 1
  BUFFER_POOL DEFAULT FLASH_CACHE DEFAULT CELL_FLASH_CACHE DEFAULT)
  TABLESPACE "USERS" ;
--------------------------------------------------------
--  DDL for Table TELJESIT
--------------------------------------------------------

  CREATE TABLE "SHOP_ADMIN"."TELJESIT" 
   (	"RENDELESSZAM" NUMBER, 
	"KISZALLITASISZAM" NUMBER, 
	"TELJESULT" NUMBER(1,0)
   ) SEGMENT CREATION IMMEDIATE 
  PCTFREE 10 PCTUSED 40 INITRANS 1 MAXTRANS 255 
 NOCOMPRESS LOGGING
  STORAGE(INITIAL 65536 NEXT 1048576 MINEXTENTS 1 MAXEXTENTS 2147483645
  PCTINCREASE 0 FREELISTS 1 FREELIST GROUPS 1
  BUFFER_POOL DEFAULT FLASH_CACHE DEFAULT CELL_FLASH_CACHE DEFAULT)
  TABLESPACE "USERS" ;
--------------------------------------------------------
--  DDL for Table TERMEK
--------------------------------------------------------

  CREATE TABLE "SHOP_ADMIN"."TERMEK" 
   (	"ID" NUMBER DEFAULT "SHOP_ADMIN"."TERMEK_SEQ"."NEXTVAL", 
	"UZLETID" NUMBER, 
	"TERMEKFAJTAID" NUMBER, 
	"KATEGORIAID" NUMBER, 
	"NEV" VARCHAR2(50 BYTE), 
	"AR" NUMBER, 
	"LEIRAS" VARCHAR2(280 BYTE)
   ) SEGMENT CREATION IMMEDIATE 
  PCTFREE 10 PCTUSED 40 INITRANS 1 MAXTRANS 255 
 NOCOMPRESS LOGGING
  STORAGE(INITIAL 65536 NEXT 1048576 MINEXTENTS 1 MAXEXTENTS 2147483645
  PCTINCREASE 0 FREELISTS 1 FREELIST GROUPS 1
  BUFFER_POOL DEFAULT FLASH_CACHE DEFAULT CELL_FLASH_CACHE DEFAULT)
  TABLESPACE "USERS" ;
--------------------------------------------------------
--  DDL for Table TERMEKFAJTA
--------------------------------------------------------

  CREATE TABLE "SHOP_ADMIN"."TERMEKFAJTA" 
   (	"ID" NUMBER, 
	"NEV" VARCHAR2(50 BYTE)
   ) SEGMENT CREATION IMMEDIATE 
  PCTFREE 10 PCTUSED 40 INITRANS 1 MAXTRANS 255 
 NOCOMPRESS LOGGING
  STORAGE(INITIAL 65536 NEXT 1048576 MINEXTENTS 1 MAXEXTENTS 2147483645
  PCTINCREASE 0 FREELISTS 1 FREELIST GROUPS 1
  BUFFER_POOL DEFAULT FLASH_CACHE DEFAULT CELL_FLASH_CACHE DEFAULT)
  TABLESPACE "USERS" ;
--------------------------------------------------------
--  DDL for Table UZLET
--------------------------------------------------------

  CREATE TABLE "SHOP_ADMIN"."UZLET" 
   (	"ID" NUMBER, 
	"LAKCIMID" NUMBER
   ) SEGMENT CREATION IMMEDIATE 
  PCTFREE 10 PCTUSED 40 INITRANS 1 MAXTRANS 255 
 NOCOMPRESS LOGGING
  STORAGE(INITIAL 65536 NEXT 1048576 MINEXTENTS 1 MAXEXTENTS 2147483645
  PCTINCREASE 0 FREELISTS 1 FREELIST GROUPS 1
  BUFFER_POOL DEFAULT FLASH_CACHE DEFAULT CELL_FLASH_CACHE DEFAULT)
  TABLESPACE "USERS" ;
--------------------------------------------------------
--  DDL for Table UZLETNYITVATARTAS
--------------------------------------------------------

  CREATE TABLE "SHOP_ADMIN"."UZLETNYITVATARTAS" 
   (	"UZLETID" NUMBER, 
	"NYITAS" TIMESTAMP (6), 
	"ZARAS" TIMESTAMP (6)
   ) SEGMENT CREATION IMMEDIATE 
  PCTFREE 10 PCTUSED 40 INITRANS 1 MAXTRANS 255 
 NOCOMPRESS LOGGING
  STORAGE(INITIAL 65536 NEXT 1048576 MINEXTENTS 1 MAXEXTENTS 2147483645
  PCTINCREASE 0 FREELISTS 1 FREELIST GROUPS 1
  BUFFER_POOL DEFAULT FLASH_CACHE DEFAULT CELL_FLASH_CACHE DEFAULT)
  TABLESPACE "USERS" ;
REM INSERTING into SHOP_ADMIN.ADMINISZTRATOR
SET DEFINE OFF;
Insert into SHOP_ADMIN.ADMINISZTRATOR (ID,TERMEKETHOZZAADHAT,MODERALHAT,BEOSZTAS,SZOLGALTATASTHOZZAADHAT) values (47,1,1,'Bolti kisegítő',1);
Insert into SHOP_ADMIN.ADMINISZTRATOR (ID,TERMEKETHOZZAADHAT,MODERALHAT,BEOSZTAS,SZOLGALTATASTHOZZAADHAT) values (1,1,0,'Bolti kisegítő',1);
Insert into SHOP_ADMIN.ADMINISZTRATOR (ID,TERMEKETHOZZAADHAT,MODERALHAT,BEOSZTAS,SZOLGALTATASTHOZZAADHAT) values (2,1,1,'Üzletvezető',1);
Insert into SHOP_ADMIN.ADMINISZTRATOR (ID,TERMEKETHOZZAADHAT,MODERALHAT,BEOSZTAS,SZOLGALTATASTHOZZAADHAT) values (3,0,1,'Titkár',0);
REM INSERTING into SHOP_ADMIN.ERTEKELES
SET DEFINE OFF;
Insert into SHOP_ADMIN.ERTEKELES (ID,FELHASZNALOID,TERMEKID,SZOLGALTATASID,DATUM,SZOVEG,CSILLAG) values (72,26,null,200,to_date('27-FEB-21','DD-MON-RR'),'A füvemet csak félig nyírták le',5);
Insert into SHOP_ADMIN.ERTEKELES (ID,FELHASZNALOID,TERMEKID,SZOLGALTATASID,DATUM,SZOVEG,CSILLAG) values (73,1,null,207,to_date('19-APR-21','DD-MON-RR'),'Csodás gödör, szép gödör',9);
Insert into SHOP_ADMIN.ERTEKELES (ID,FELHASZNALOID,TERMEKID,SZOLGALTATASID,DATUM,SZOVEG,CSILLAG) values (75,11,null,204,to_date('06-JAN-21','DD-MON-RR'),'A palántáim egy nap alatt kidöglöttek',2);
Insert into SHOP_ADMIN.ERTEKELES (ID,FELHASZNALOID,TERMEKID,SZOLGALTATASID,DATUM,SZOVEG,CSILLAG) values (79,27,null,203,to_date('13-FEB-21','DD-MON-RR'),'A kút nem lett elég mély, de legalább jön belőle víz',6);
Insert into SHOP_ADMIN.ERTEKELES (ID,FELHASZNALOID,TERMEKID,SZOLGALTATASID,DATUM,SZOVEG,CSILLAG) values (85,17,null,201,to_date('27-APR-21','DD-MON-RR'),'Az egereket épségben elszállították, kivéve egyet, őt be kellett fogadnom',8);
REM INSERTING into SHOP_ADMIN.FELHASZNALO
SET DEFINE OFF;
Insert into SHOP_ADMIN.FELHASZNALO (ID,FELHASZNALONEV,NEV,HASH,TELEFONSZAM,EMAIL,LAKCIMID) values (48,'dfg','dfg','$2a$10$oNmNv0wG6QJhmPsEWVZtDOJxh85LBcCtwzezFlFQEsECYZ9Cz4L36','dgf','dfg@asd',951);
Insert into SHOP_ADMIN.FELHASZNALO (ID,FELHASZNALONEV,NEV,HASH,TELEFONSZAM,EMAIL,LAKCIMID) values (0,'asd','dfgdf','$2a$10$fax66V6Kuu.9PC.fRikfaOfgGSKq.pgzNibhGKZzV4PB6QGSt.yHK','234234','e@e',900);
Insert into SHOP_ADMIN.FELHASZNALO (ID,FELHASZNALONEV,NEV,HASH,TELEFONSZAM,EMAIL,LAKCIMID) values (33,'qweqwe','qweqwe','$2a$10$4nR0lDKzSGY1/udSDnGjieIU6mij.angANwv0HbqH9lNNsBUJZz5W','qweqwe','qweqwe@qwe',900);
Insert into SHOP_ADMIN.FELHASZNALO (ID,FELHASZNALONEV,NEV,HASH,TELEFONSZAM,EMAIL,LAKCIMID) values (46,'bela','bela','$2a$10$MnYYucXzxnviLiH2GAhmI.2OwT2wKwcaU32A1AERNyy5IatDizzIe','bela','qwe@qwe',949);
Insert into SHOP_ADMIN.FELHASZNALO (ID,FELHASZNALONEV,NEV,HASH,TELEFONSZAM,EMAIL,LAKCIMID) values (32,'aqsd','asqd','x','+36305334280','asd@asd.com',900);
Insert into SHOP_ADMIN.FELHASZNALO (ID,FELHASZNALONEV,NEV,HASH,TELEFONSZAM,EMAIL,LAKCIMID) values (36,'regtest2','regtest2','x2','+36305334280','regtest2@gmail.com',939);
Insert into SHOP_ADMIN.FELHASZNALO (ID,FELHASZNALONEV,NEV,HASH,TELEFONSZAM,EMAIL,LAKCIMID) values (43,'zu','zu','$2a$10$IQZco3YBFtKwVaqUy7M3mesS/wVxhcqJU.bcPWkvRUn.dh3t0Y2X2','zu','e@e',946);
Insert into SHOP_ADMIN.FELHASZNALO (ID,FELHASZNALONEV,NEV,HASH,TELEFONSZAM,EMAIL,LAKCIMID) values (1234,'test1','Test Elek','$2a$10$7NJqa4DXCwRLURnzmdf8yO7/Kldw302WLJ9R9RJfqBxas3RmQhj7O','+3630345987','test@email.com',900);
Insert into SHOP_ADMIN.FELHASZNALO (ID,FELHASZNALONEV,NEV,HASH,TELEFONSZAM,EMAIL,LAKCIMID) values (999999,'f','n','$2a$10$UN..mBYUKXzMWCAhdGV7k.5p2jhpLpwIkXH687gh0zwzx95BhS4Qq','t','e@e',900);
Insert into SHOP_ADMIN.FELHASZNALO (ID,FELHASZNALONEV,NEV,HASH,TELEFONSZAM,EMAIL,LAKCIMID) values (41,'op','op','$2a$10$rCQbcVrS0eMhCLM0TmweM.1WUso86pNGXpihphuYB5xz0pctyM6OG','op','e@e',944);
Insert into SHOP_ADMIN.FELHASZNALO (ID,FELHASZNALONEV,NEV,HASH,TELEFONSZAM,EMAIL,LAKCIMID) values (37,'test2','Test Elek2','$2a$10$iKP/W2ok.GvSP759zOJ/..xyPxKAzl0tG4JYljjjqx2o9i2XFerHO','+3630345987','test@email.com',940);
Insert into SHOP_ADMIN.FELHASZNALO (ID,FELHASZNALONEV,NEV,HASH,TELEFONSZAM,EMAIL,LAKCIMID) values (38,'fgh','fgh','$2a$10$WOyfrEtPk9fQCE.atS4JfuYTcUPkHxfsZK1EfFaYHFOMQ8oJbv1YG','fgh','qwe@qwe',941);
Insert into SHOP_ADMIN.FELHASZNALO (ID,FELHASZNALONEV,NEV,HASH,TELEFONSZAM,EMAIL,LAKCIMID) values (40,'kl','kl','$2a$10$2Z9S/x1hEUu3leNnqORw6Oi7xz6JDvdfiYsM2Qn.WbrB16WVRsroa','kl','kl@kl',943);
Insert into SHOP_ADMIN.FELHASZNALO (ID,FELHASZNALONEV,NEV,HASH,TELEFONSZAM,EMAIL,LAKCIMID) values (42,'ol','ol','$2a$10$rgphHlQXfB.CwoJY3tLmw.vFGhm.JuUUO9/pZhUa8YR6t4MhdDdW6','ol','e@e',945);
Insert into SHOP_ADMIN.FELHASZNALO (ID,FELHASZNALONEV,NEV,HASH,TELEFONSZAM,EMAIL,LAKCIMID) values (44,'hj','hj','$2a$10$vB8WWQLHfKWvRI4M/t1hrud9y2up8XH6ZkNUoXJaEIuv0.HY1xz3u','hj','e@e',947);
Insert into SHOP_ADMIN.FELHASZNALO (ID,FELHASZNALONEV,NEV,HASH,TELEFONSZAM,EMAIL,LAKCIMID) values (47,'admin','admin','$2a$10$Yc5gmjFqO3uHbGTCcGEf0Oc76YlT0qvTIES7cukgJxAUa8W/ejjKi','234234','sdasd@asd',950);
Insert into SHOP_ADMIN.FELHASZNALO (ID,FELHASZNALONEV,NEV,HASH,TELEFONSZAM,EMAIL,LAKCIMID) values (1,'Lajos76','Kiss Lajos','x','+36305334280','aprolajos@gmail.com',900);
Insert into SHOP_ADMIN.FELHASZNALO (ID,FELHASZNALONEV,NEV,HASH,TELEFONSZAM,EMAIL,LAKCIMID) values (2,'Kaszasember','Halál Herold','x','+36202595042','eljovokerted@gmail.com',901);
Insert into SHOP_ADMIN.FELHASZNALO (ID,FELHASZNALONEV,NEV,HASH,TELEFONSZAM,EMAIL,LAKCIMID) values (3,'SziklaSzilárd','Szemes Szilárd','x','+36204182388','verhetetlen@citromail.hu',902);
Insert into SHOP_ADMIN.FELHASZNALO (ID,FELHASZNALONEV,NEV,HASH,TELEFONSZAM,EMAIL,LAKCIMID) values (4,'Autóka65','Kocsis Kincső','x','+36303007178','dudu65@gmail.com',903);
Insert into SHOP_ADMIN.FELHASZNALO (ID,FELHASZNALONEV,NEV,HASH,TELEFONSZAM,EMAIL,LAKCIMID) values (5,'Szőrmók3','Szakál Szimonetta','x','+36304885863','szakalszimiidk@gmail.com',904);
Insert into SHOP_ADMIN.FELHASZNALO (ID,FELHASZNALONEV,NEV,HASH,TELEFONSZAM,EMAIL,LAKCIMID) values (6,'Lábatlan87','Sánta Sándor','x','+36208323555','lassanjartovabber@gmail.com',905);
Insert into SHOP_ADMIN.FELHASZNALO (ID,FELHASZNALONEV,NEV,HASH,TELEFONSZAM,EMAIL,LAKCIMID) values (7,'Ünnepelke12','Karácsonyi Krizantén','x','+36701155240','viragocska@gmail.com',906);
Insert into SHOP_ADMIN.FELHASZNALO (ID,FELHASZNALONEV,NEV,HASH,TELEFONSZAM,EMAIL,LAKCIMID) values (8,'MaximaLista','Alapos Ajándék','x','+36302246460','orulnifogsznekem@citromail.com',907);
Insert into SHOP_ADMIN.FELHASZNALO (ID,FELHASZNALONEV,NEV,HASH,TELEFONSZAM,EMAIL,LAKCIMID) values (9,'Wood74','Jegenye Janka','x','+36702752333','jegenyefa@freemail.com',908);
Insert into SHOP_ADMIN.FELHASZNALO (ID,FELHASZNALONEV,NEV,HASH,TELEFONSZAM,EMAIL,LAKCIMID) values (10,'Rablo67','Lopó Loretta','x','+36208693625','lopotok@gmail.com',909);
Insert into SHOP_ADMIN.FELHASZNALO (ID,FELHASZNALONEV,NEV,HASH,TELEFONSZAM,EMAIL,LAKCIMID) values (11,'Extrémbarát','Ejtő Ernő','x','+36304937737','ejtoernyo@gmail.com',910);
Insert into SHOP_ADMIN.FELHASZNALO (ID,FELHASZNALONEV,NEV,HASH,TELEFONSZAM,EMAIL,LAKCIMID) values (12,'ElfagyOk','Évelő Éva','x','+36206563854','evelonovenyke@citromail.com',911);
Insert into SHOP_ADMIN.FELHASZNALO (ID,FELHASZNALONEV,NEV,HASH,TELEFONSZAM,EMAIL,LAKCIMID) values (13,'KisállatAKetrecben','Kalapos Kálmán','x','+36303658216','eleganskalman@gmail.com',912);
Insert into SHOP_ADMIN.FELHASZNALO (ID,FELHASZNALONEV,NEV,HASH,TELEFONSZAM,EMAIL,LAKCIMID) values (14,'Ütögető12','Verő Vera','x','+36304167951','eroszakoska@gmail.com',913);
Insert into SHOP_ADMIN.FELHASZNALO (ID,FELHASZNALONEV,NEV,HASH,TELEFONSZAM,EMAIL,LAKCIMID) values (15,'Kuka79','Szemét Szilvia','x','+36309664741','kismocsok@gmail.com',914);
Insert into SHOP_ADMIN.FELHASZNALO (ID,FELHASZNALONEV,NEV,HASH,TELEFONSZAM,EMAIL,LAKCIMID) values (16,'Korona74','Király Károly','x','+36305719886','uralkodo@freemail.com',915);
Insert into SHOP_ADMIN.FELHASZNALO (ID,FELHASZNALONEV,NEV,HASH,TELEFONSZAM,EMAIL,LAKCIMID) values (17,'Map74','Térkép Tamás','x','+36204648818','megtalalom@gmail.com',916);
Insert into SHOP_ADMIN.FELHASZNALO (ID,FELHASZNALONEV,NEV,HASH,TELEFONSZAM,EMAIL,LAKCIMID) values (18,'Pillangó99','Lepke Luca','x','+36308275781','remulke@gmail.com',917);
Insert into SHOP_ADMIN.FELHASZNALO (ID,FELHASZNALONEV,NEV,HASH,TELEFONSZAM,EMAIL,LAKCIMID) values (19,'Tehenke2020','Boci Béla','x','+36309163873','muumuu@citromail.com',918);
Insert into SHOP_ADMIN.FELHASZNALO (ID,FELHASZNALONEV,NEV,HASH,TELEFONSZAM,EMAIL,LAKCIMID) values (20,'MiauMiau','Macska Mária','x','+36306092269','cicamica@gmail.com',919);
Insert into SHOP_ADMIN.FELHASZNALO (ID,FELHASZNALONEV,NEV,HASH,TELEFONSZAM,EMAIL,LAKCIMID) values (21,'Építőanyag7','Tégla Tamás','x','+36203149756','epitkezes@gmail.com',920);
Insert into SHOP_ADMIN.FELHASZNALO (ID,FELHASZNALONEV,NEV,HASH,TELEFONSZAM,EMAIL,LAKCIMID) values (22,'FunkcionálisVerőlapát','Ásó Ádám','x','+36303793425','godrotasok@gmail.com',921);
Insert into SHOP_ADMIN.FELHASZNALO (ID,FELHASZNALONEV,NEV,HASH,TELEFONSZAM,EMAIL,LAKCIMID) values (23,'Hápiháp7','Kacsa Katalin','x','+36704536176','tobanuszik@gmail.com',922);
Insert into SHOP_ADMIN.FELHASZNALO (ID,FELHASZNALONEV,NEV,HASH,TELEFONSZAM,EMAIL,LAKCIMID) values (24,'Főszakács2000','Konyha Kriszta','x','+36709864831','remekkosztok@gmail.com',923);
Insert into SHOP_ADMIN.FELHASZNALO (ID,FELHASZNALONEV,NEV,HASH,TELEFONSZAM,EMAIL,LAKCIMID) values (25,'KikellCserélni','Rozsda Róbert','x','+36706398074','elromlott@citromail.com',924);
Insert into SHOP_ADMIN.FELHASZNALO (ID,FELHASZNALONEV,NEV,HASH,TELEFONSZAM,EMAIL,LAKCIMID) values (26,'NemFázolKérdőjel','Didergő Dávid','x','+36309921705','nincsishidegcsanyikabat@gmail.com',925);
Insert into SHOP_ADMIN.FELHASZNALO (ID,FELHASZNALONEV,NEV,HASH,TELEFONSZAM,EMAIL,LAKCIMID) values (27,'Csillag90','Hajós Hajnalka','x','+36704019172','navigalo@gmail.com',926);
Insert into SHOP_ADMIN.FELHASZNALO (ID,FELHASZNALONEV,NEV,HASH,TELEFONSZAM,EMAIL,LAKCIMID) values (28,'Földesasszony','Kertész Kitti','x','+36307726627','kapakitti@gmail.com',927);
Insert into SHOP_ADMIN.FELHASZNALO (ID,FELHASZNALONEV,NEV,HASH,TELEFONSZAM,EMAIL,LAKCIMID) values (29,'Munkásembes1975','Gereblye Gergő','x','+36205434019','levelecske@gmail.com',928);
Insert into SHOP_ADMIN.FELHASZNALO (ID,FELHASZNALONEV,NEV,HASH,TELEFONSZAM,EMAIL,LAKCIMID) values (30,'KipkopKikopog','Kopogó Koppány','x','+36301807342','faviccnagyotkoppan@gmail.com',929);
Insert into SHOP_ADMIN.FELHASZNALO (ID,FELHASZNALONEV,NEV,HASH,TELEFONSZAM,EMAIL,LAKCIMID) values (39,'zui','zui','$2a$10$rKWvKioQumVpnb9eZO9f4OWYO6x8lFudl8nrfSASlBaHA709X3lDq','zui','zui@zui',942);
Insert into SHOP_ADMIN.FELHASZNALO (ID,FELHASZNALONEV,NEV,HASH,TELEFONSZAM,EMAIL,LAKCIMID) values (45,'uz','uz','$2a$10$Sa.zzcjq8aysrl4sxP.5Ve.AY0EE7TozNX.24zShaF9g5k4p3e2HW','uz','qwe@qwe',948);
REM INSERTING into SHOP_ADMIN.FELHASZNALOSZAMLALO
SET DEFINE OFF;
Insert into SHOP_ADMIN.FELHASZNALOSZAMLALO (ERTEK) values (31);
REM INSERTING into SHOP_ADMIN.JELSZOVALTASNAPLO
SET DEFINE OFF;
REM INSERTING into SHOP_ADMIN.KATEGORIA
SET DEFINE OFF;
Insert into SHOP_ADMIN.KATEGORIA (ID,NEV) values (10,'Elektromos eszközök');
Insert into SHOP_ADMIN.KATEGORIA (ID,NEV) values (11,'Növények');
Insert into SHOP_ADMIN.KATEGORIA (ID,NEV) values (12,'Kerti eszközök');
Insert into SHOP_ADMIN.KATEGORIA (ID,NEV) values (13,'Építkezés, berendezés');
REM INSERTING into SHOP_ADMIN.KISZALLITAS
SET DEFINE OFF;
Insert into SHOP_ADMIN.KISZALLITAS (KISZALLITASISZAM,FELHASZNALOID,ATVEVONEV,LAKCIMID) values (1210,48,'Ferenc',900);
Insert into SHOP_ADMIN.KISZALLITAS (KISZALLITASISZAM,FELHASZNALOID,ATVEVONEV,LAKCIMID) values (1191,1234,'Kováts Béla',900);
Insert into SHOP_ADMIN.KISZALLITAS (KISZALLITASISZAM,FELHASZNALOID,ATVEVONEV,LAKCIMID) values (1196,0,'Átvevő',900);
Insert into SHOP_ADMIN.KISZALLITAS (KISZALLITASISZAM,FELHASZNALOID,ATVEVONEV,LAKCIMID) values (1197,38,'Átvevő Béla',900);
Insert into SHOP_ADMIN.KISZALLITAS (KISZALLITASISZAM,FELHASZNALOID,ATVEVONEV,LAKCIMID) values (1198,38,'qweqwewew',900);
Insert into SHOP_ADMIN.KISZALLITAS (KISZALLITASISZAM,FELHASZNALOID,ATVEVONEV,LAKCIMID) values (1199,38,'ghfhhg',900);
Insert into SHOP_ADMIN.KISZALLITAS (KISZALLITASISZAM,FELHASZNALOID,ATVEVONEV,LAKCIMID) values (1200,38,'ghfhhg',900);
Insert into SHOP_ADMIN.KISZALLITAS (KISZALLITASISZAM,FELHASZNALOID,ATVEVONEV,LAKCIMID) values (1201,38,'ghfhhg',900);
Insert into SHOP_ADMIN.KISZALLITAS (KISZALLITASISZAM,FELHASZNALOID,ATVEVONEV,LAKCIMID) values (1202,38,'fsdsdgdsgf',900);
Insert into SHOP_ADMIN.KISZALLITAS (KISZALLITASISZAM,FELHASZNALOID,ATVEVONEV,LAKCIMID) values (1203,38,'Béla',900);
Insert into SHOP_ADMIN.KISZALLITAS (KISZALLITASISZAM,FELHASZNALOID,ATVEVONEV,LAKCIMID) values (1205,1234,'Ferenc',900);
Insert into SHOP_ADMIN.KISZALLITAS (KISZALLITASISZAM,FELHASZNALOID,ATVEVONEV,LAKCIMID) values (1208,45,'asd',900);
Insert into SHOP_ADMIN.KISZALLITAS (KISZALLITASISZAM,FELHASZNALOID,ATVEVONEV,LAKCIMID) values (1192,1234,'Teszt Béla',900);
Insert into SHOP_ADMIN.KISZALLITAS (KISZALLITASISZAM,FELHASZNALOID,ATVEVONEV,LAKCIMID) values (1194,1234,'Teszt Béla',900);
Insert into SHOP_ADMIN.KISZALLITAS (KISZALLITASISZAM,FELHASZNALOID,ATVEVONEV,LAKCIMID) values (1195,0,'Átvevő',900);
Insert into SHOP_ADMIN.KISZALLITAS (KISZALLITASISZAM,FELHASZNALOID,ATVEVONEV,LAKCIMID) values (1204,38,'Béla',900);
Insert into SHOP_ADMIN.KISZALLITAS (KISZALLITASISZAM,FELHASZNALOID,ATVEVONEV,LAKCIMID) values (1206,1234,'sdfsdfdfs',900);
Insert into SHOP_ADMIN.KISZALLITAS (KISZALLITASISZAM,FELHASZNALOID,ATVEVONEV,LAKCIMID) values (1207,45,'név',900);
Insert into SHOP_ADMIN.KISZALLITAS (KISZALLITASISZAM,FELHASZNALOID,ATVEVONEV,LAKCIMID) values (1010,21,'Tégla Tamás',920);
Insert into SHOP_ADMIN.KISZALLITAS (KISZALLITASISZAM,FELHASZNALOID,ATVEVONEV,LAKCIMID) values (1020,10,'Lopó Loretta',909);
Insert into SHOP_ADMIN.KISZALLITAS (KISZALLITASISZAM,FELHASZNALOID,ATVEVONEV,LAKCIMID) values (1030,16,'Király Károly',915);
Insert into SHOP_ADMIN.KISZALLITAS (KISZALLITASISZAM,FELHASZNALOID,ATVEVONEV,LAKCIMID) values (1040,19,'Boci Béla',918);
Insert into SHOP_ADMIN.KISZALLITAS (KISZALLITASISZAM,FELHASZNALOID,ATVEVONEV,LAKCIMID) values (1050,20,'Macska Mária',919);
Insert into SHOP_ADMIN.KISZALLITAS (KISZALLITASISZAM,FELHASZNALOID,ATVEVONEV,LAKCIMID) values (1060,4,'Kocsis Kincső',903);
Insert into SHOP_ADMIN.KISZALLITAS (KISZALLITASISZAM,FELHASZNALOID,ATVEVONEV,LAKCIMID) values (1070,13,'Kalapos Kálmán',912);
Insert into SHOP_ADMIN.KISZALLITAS (KISZALLITASISZAM,FELHASZNALOID,ATVEVONEV,LAKCIMID) values (1080,18,'Lepke Luca',917);
Insert into SHOP_ADMIN.KISZALLITAS (KISZALLITASISZAM,FELHASZNALOID,ATVEVONEV,LAKCIMID) values (1090,6,'Sánta Sándor',907);
Insert into SHOP_ADMIN.KISZALLITAS (KISZALLITASISZAM,FELHASZNALOID,ATVEVONEV,LAKCIMID) values (1100,9,'Jegenye Janka',908);
Insert into SHOP_ADMIN.KISZALLITAS (KISZALLITASISZAM,FELHASZNALOID,ATVEVONEV,LAKCIMID) values (1110,3,'Szemes Szilárd',902);
Insert into SHOP_ADMIN.KISZALLITAS (KISZALLITASISZAM,FELHASZNALOID,ATVEVONEV,LAKCIMID) values (1120,22,'Ásó Ádám',921);
Insert into SHOP_ADMIN.KISZALLITAS (KISZALLITASISZAM,FELHASZNALOID,ATVEVONEV,LAKCIMID) values (1130,7,'Karácsonyi Krizantén',906);
Insert into SHOP_ADMIN.KISZALLITAS (KISZALLITASISZAM,FELHASZNALOID,ATVEVONEV,LAKCIMID) values (1140,11,'Ejtő Ernő',910);
Insert into SHOP_ADMIN.KISZALLITAS (KISZALLITASISZAM,FELHASZNALOID,ATVEVONEV,LAKCIMID) values (1150,17,'Térkép Tamás',916);
Insert into SHOP_ADMIN.KISZALLITAS (KISZALLITASISZAM,FELHASZNALOID,ATVEVONEV,LAKCIMID) values (1160,1,'Kiss Lajos',900);
Insert into SHOP_ADMIN.KISZALLITAS (KISZALLITASISZAM,FELHASZNALOID,ATVEVONEV,LAKCIMID) values (1170,27,'Hajós Hajnalka',926);
Insert into SHOP_ADMIN.KISZALLITAS (KISZALLITASISZAM,FELHASZNALOID,ATVEVONEV,LAKCIMID) values (1180,11,'Ejtő Ernő',910);
Insert into SHOP_ADMIN.KISZALLITAS (KISZALLITASISZAM,FELHASZNALOID,ATVEVONEV,LAKCIMID) values (1190,26,'Didergő Dávid',925);
Insert into SHOP_ADMIN.KISZALLITAS (KISZALLITASISZAM,FELHASZNALOID,ATVEVONEV,LAKCIMID) values (1193,1234,'Teszt Béla',900);
Insert into SHOP_ADMIN.KISZALLITAS (KISZALLITASISZAM,FELHASZNALOID,ATVEVONEV,LAKCIMID) values (1209,46,'Sári',900);
REM INSERTING into SHOP_ADMIN.KUPON
SET DEFINE OFF;
Insert into SHOP_ADMIN.KUPON (KOD,KEDVEZMENY,LEJARATIDATUM) values (500,1000,to_date('20-JUN-21','DD-MON-RR'));
Insert into SHOP_ADMIN.KUPON (KOD,KEDVEZMENY,LEJARATIDATUM) values (510,2000,to_date('10-DEC-21','DD-MON-RR'));
Insert into SHOP_ADMIN.KUPON (KOD,KEDVEZMENY,LEJARATIDATUM) values (520,3000,to_date('16-OCT-21','DD-MON-RR'));
Insert into SHOP_ADMIN.KUPON (KOD,KEDVEZMENY,LEJARATIDATUM) values (530,4000,to_date('01-JAN-22','DD-MON-RR'));
Insert into SHOP_ADMIN.KUPON (KOD,KEDVEZMENY,LEJARATIDATUM) values (540,5000,to_date('20-FEB-22','DD-MON-RR'));
REM INSERTING into SHOP_ADMIN.LAKCIM
SET DEFINE OFF;
Insert into SHOP_ADMIN.LAKCIM (ID,VAROS,UTCA,HAZSZAM) values (951,'dfg','dfg','dfg');
Insert into SHOP_ADMIN.LAKCIM (ID,VAROS,UTCA,HAZSZAM) values (949,'Város','utca3','12');
Insert into SHOP_ADMIN.LAKCIM (ID,VAROS,UTCA,HAZSZAM) values (935,'varos1','utca1','99');
Insert into SHOP_ADMIN.LAKCIM (ID,VAROS,UTCA,HAZSZAM) values (936,'regvar','regutca','98');
Insert into SHOP_ADMIN.LAKCIM (ID,VAROS,UTCA,HAZSZAM) values (937,'regvar2','regutca2','98');
Insert into SHOP_ADMIN.LAKCIM (ID,VAROS,UTCA,HAZSZAM) values (939,'regvar2','regutca2','98');
Insert into SHOP_ADMIN.LAKCIM (ID,VAROS,UTCA,HAZSZAM) values (946,'fghvar','fghut','zui');
Insert into SHOP_ADMIN.LAKCIM (ID,VAROS,UTCA,HAZSZAM) values (940,'Szeged','kutya u.','12A');
Insert into SHOP_ADMIN.LAKCIM (ID,VAROS,UTCA,HAZSZAM) values (941,'fghvar','fghut','76');
Insert into SHOP_ADMIN.LAKCIM (ID,VAROS,UTCA,HAZSZAM) values (943,'kl','kl','kl');
Insert into SHOP_ADMIN.LAKCIM (ID,VAROS,UTCA,HAZSZAM) values (944,'op','op','op');
Insert into SHOP_ADMIN.LAKCIM (ID,VAROS,UTCA,HAZSZAM) values (945,'ol','ol','ol');
Insert into SHOP_ADMIN.LAKCIM (ID,VAROS,UTCA,HAZSZAM) values (947,'hj','hj','hj');
Insert into SHOP_ADMIN.LAKCIM (ID,VAROS,UTCA,HAZSZAM) values (950,'varoska','utcacska','34/A');
Insert into SHOP_ADMIN.LAKCIM (ID,VAROS,UTCA,HAZSZAM) values (900,'Budapest','Bécsi utca','42/A');
Insert into SHOP_ADMIN.LAKCIM (ID,VAROS,UTCA,HAZSZAM) values (901,'Szeged','Nyár utca','66/2.');
Insert into SHOP_ADMIN.LAKCIM (ID,VAROS,UTCA,HAZSZAM) values (902,'Pécs','Kis Diófa u.','33/B');
Insert into SHOP_ADMIN.LAKCIM (ID,VAROS,UTCA,HAZSZAM) values (903,'Szekszárd','Csabai kapu','77.');
Insert into SHOP_ADMIN.LAKCIM (ID,VAROS,UTCA,HAZSZAM) values (904,'Kiskunmajsa','Bem rkp.','34/C');
Insert into SHOP_ADMIN.LAKCIM (ID,VAROS,UTCA,HAZSZAM) values (905,'Miskolc','Csabai kapu','79.');
Insert into SHOP_ADMIN.LAKCIM (ID,VAROS,UTCA,HAZSZAM) values (906,'Paks','Nyár utca','67/D');
Insert into SHOP_ADMIN.LAKCIM (ID,VAROS,UTCA,HAZSZAM) values (907,'Hódmezővásárhely','Piroska u.','58/A');
Insert into SHOP_ADMIN.LAKCIM (ID,VAROS,UTCA,HAZSZAM) values (908,'Budapest','Kárpát u.','97.');
Insert into SHOP_ADMIN.LAKCIM (ID,VAROS,UTCA,HAZSZAM) values (909,'Eger','Agip u.','66/B');
Insert into SHOP_ADMIN.LAKCIM (ID,VAROS,UTCA,HAZSZAM) values (910,'Kaposvár','Munkácsy Mihály út','17.');
Insert into SHOP_ADMIN.LAKCIM (ID,VAROS,UTCA,HAZSZAM) values (911,'Szombathely','Kossuth Lajos u.','21/2');
Insert into SHOP_ADMIN.LAKCIM (ID,VAROS,UTCA,HAZSZAM) values (912,'Győr','Bécsi utca','75.');
Insert into SHOP_ADMIN.LAKCIM (ID,VAROS,UTCA,HAZSZAM) values (913,'Zalaegerszeg','Dayka Gábor u.','15.');
Insert into SHOP_ADMIN.LAKCIM (ID,VAROS,UTCA,HAZSZAM) values (914,'Makó','Tas vezér u.','56/A');
Insert into SHOP_ADMIN.LAKCIM (ID,VAROS,UTCA,HAZSZAM) values (915,'Salgótarján','Tas vezér u.','91.');
Insert into SHOP_ADMIN.LAKCIM (ID,VAROS,UTCA,HAZSZAM) values (916,'Budapest','Teréz krt.','55.');
Insert into SHOP_ADMIN.LAKCIM (ID,VAROS,UTCA,HAZSZAM) values (917,'Szeged','Veres Pálné u.','13/B');
Insert into SHOP_ADMIN.LAKCIM (ID,VAROS,UTCA,HAZSZAM) values (918,'Pécs','Király u.','18.');
Insert into SHOP_ADMIN.LAKCIM (ID,VAROS,UTCA,HAZSZAM) values (919,'Almási','Nyár utca','78.');
Insert into SHOP_ADMIN.LAKCIM (ID,VAROS,UTCA,HAZSZAM) values (920,'Kiskunmajsa','Kossuth Lajos u.','87/2.');
Insert into SHOP_ADMIN.LAKCIM (ID,VAROS,UTCA,HAZSZAM) values (921,'Miskolc','Munkácsy Mihály út','60.');
Insert into SHOP_ADMIN.LAKCIM (ID,VAROS,UTCA,HAZSZAM) values (922,'Paks','Rákóczi út','68.');
Insert into SHOP_ADMIN.LAKCIM (ID,VAROS,UTCA,HAZSZAM) values (923,'Dunaújváros','Szent Gellért tér','55.');
Insert into SHOP_ADMIN.LAKCIM (ID,VAROS,UTCA,HAZSZAM) values (924,'Szeged','Bem rkp.','92/C');
Insert into SHOP_ADMIN.LAKCIM (ID,VAROS,UTCA,HAZSZAM) values (925,'Eger','Belgrád rkp.','33.');
Insert into SHOP_ADMIN.LAKCIM (ID,VAROS,UTCA,HAZSZAM) values (926,'Kecskemét','Szent Gellért tér','41.');
Insert into SHOP_ADMIN.LAKCIM (ID,VAROS,UTCA,HAZSZAM) values (927,'Szombathely','Erzsébet krt.','71/3');
Insert into SHOP_ADMIN.LAKCIM (ID,VAROS,UTCA,HAZSZAM) values (928,'Győr','Victor Hugo u.','82.');
Insert into SHOP_ADMIN.LAKCIM (ID,VAROS,UTCA,HAZSZAM) values (929,'Zalaegerszeg','Piroska u.','84.');
Insert into SHOP_ADMIN.LAKCIM (ID,VAROS,UTCA,HAZSZAM) values (930,'Makó','Árpád fejedelem útja','43/1');
Insert into SHOP_ADMIN.LAKCIM (ID,VAROS,UTCA,HAZSZAM) values (931,'Salgótarján','Izabella u.','65.');
Insert into SHOP_ADMIN.LAKCIM (ID,VAROS,UTCA,HAZSZAM) values (932,'Szeged','Király u.','3.');
Insert into SHOP_ADMIN.LAKCIM (ID,VAROS,UTCA,HAZSZAM) values (933,'Csongrád','Csavargyár u.','83/C');
Insert into SHOP_ADMIN.LAKCIM (ID,VAROS,UTCA,HAZSZAM) values (934,'Győr','Wesselényi u.','11.');
Insert into SHOP_ADMIN.LAKCIM (ID,VAROS,UTCA,HAZSZAM) values (942,'zui','zui','zui');
Insert into SHOP_ADMIN.LAKCIM (ID,VAROS,UTCA,HAZSZAM) values (948,'uz','uz','uz');
REM INSERTING into SHOP_ADMIN.RENDELES
SET DEFINE OFF;
Insert into SHOP_ADMIN.RENDELES (RENDELESSZAM,FELHASZNALOID,MIKOR,KUPONKOD) values (1212,48,to_date('09-MAY-21','DD-MON-RR'),null);
Insert into SHOP_ADMIN.RENDELES (RENDELESSZAM,FELHASZNALOID,MIKOR,KUPONKOD) values (1198,0,to_date('04-MAY-21','DD-MON-RR'),null);
Insert into SHOP_ADMIN.RENDELES (RENDELESSZAM,FELHASZNALOID,MIKOR,KUPONKOD) values (1199,38,to_date('04-MAY-21','DD-MON-RR'),null);
Insert into SHOP_ADMIN.RENDELES (RENDELESSZAM,FELHASZNALOID,MIKOR,KUPONKOD) values (1200,38,to_date('04-MAY-21','DD-MON-RR'),null);
Insert into SHOP_ADMIN.RENDELES (RENDELESSZAM,FELHASZNALOID,MIKOR,KUPONKOD) values (1201,38,to_date('04-MAY-21','DD-MON-RR'),null);
Insert into SHOP_ADMIN.RENDELES (RENDELESSZAM,FELHASZNALOID,MIKOR,KUPONKOD) values (1202,38,to_date('04-MAY-21','DD-MON-RR'),null);
Insert into SHOP_ADMIN.RENDELES (RENDELESSZAM,FELHASZNALOID,MIKOR,KUPONKOD) values (1203,38,to_date('04-MAY-21','DD-MON-RR'),null);
Insert into SHOP_ADMIN.RENDELES (RENDELESSZAM,FELHASZNALOID,MIKOR,KUPONKOD) values (1204,38,to_date('04-MAY-21','DD-MON-RR'),null);
Insert into SHOP_ADMIN.RENDELES (RENDELESSZAM,FELHASZNALOID,MIKOR,KUPONKOD) values (1205,38,to_date('05-MAY-21','DD-MON-RR'),null);
Insert into SHOP_ADMIN.RENDELES (RENDELESSZAM,FELHASZNALOID,MIKOR,KUPONKOD) values (1207,1234,to_date('05-MAY-21','DD-MON-RR'),null);
Insert into SHOP_ADMIN.RENDELES (RENDELESSZAM,FELHASZNALOID,MIKOR,KUPONKOD) values (1210,45,to_date('05-MAY-21','DD-MON-RR'),null);
Insert into SHOP_ADMIN.RENDELES (RENDELESSZAM,FELHASZNALOID,MIKOR,KUPONKOD) values (1197,0,to_date('04-MAY-21','DD-MON-RR'),null);
Insert into SHOP_ADMIN.RENDELES (RENDELESSZAM,FELHASZNALOID,MIKOR,KUPONKOD) values (1206,38,to_date('05-MAY-21','DD-MON-RR'),null);
Insert into SHOP_ADMIN.RENDELES (RENDELESSZAM,FELHASZNALOID,MIKOR,KUPONKOD) values (1208,1234,to_date('05-MAY-21','DD-MON-RR'),null);
Insert into SHOP_ADMIN.RENDELES (RENDELESSZAM,FELHASZNALOID,MIKOR,KUPONKOD) values (1209,45,to_date('05-MAY-21','DD-MON-RR'),null);
Insert into SHOP_ADMIN.RENDELES (RENDELESSZAM,FELHASZNALOID,MIKOR,KUPONKOD) values (1010,21,to_date('11-FEB-21','DD-MON-RR'),510);
Insert into SHOP_ADMIN.RENDELES (RENDELESSZAM,FELHASZNALOID,MIKOR,KUPONKOD) values (1020,10,to_date('21-FEB-21','DD-MON-RR'),null);
Insert into SHOP_ADMIN.RENDELES (RENDELESSZAM,FELHASZNALOID,MIKOR,KUPONKOD) values (1030,16,to_date('26-APR-21','DD-MON-RR'),null);
Insert into SHOP_ADMIN.RENDELES (RENDELESSZAM,FELHASZNALOID,MIKOR,KUPONKOD) values (1040,19,to_date('07-JAN-21','DD-MON-RR'),530);
Insert into SHOP_ADMIN.RENDELES (RENDELESSZAM,FELHASZNALOID,MIKOR,KUPONKOD) values (1050,20,to_date('23-JAN-21','DD-MON-RR'),null);
Insert into SHOP_ADMIN.RENDELES (RENDELESSZAM,FELHASZNALOID,MIKOR,KUPONKOD) values (1060,4,to_date('15-MAR-21','DD-MON-RR'),540);
Insert into SHOP_ADMIN.RENDELES (RENDELESSZAM,FELHASZNALOID,MIKOR,KUPONKOD) values (1070,13,to_date('16-APR-21','DD-MON-RR'),null);
Insert into SHOP_ADMIN.RENDELES (RENDELESSZAM,FELHASZNALOID,MIKOR,KUPONKOD) values (1080,18,to_date('12-FEB-21','DD-MON-RR'),540);
Insert into SHOP_ADMIN.RENDELES (RENDELESSZAM,FELHASZNALOID,MIKOR,KUPONKOD) values (1090,6,to_date('15-APR-21','DD-MON-RR'),null);
Insert into SHOP_ADMIN.RENDELES (RENDELESSZAM,FELHASZNALOID,MIKOR,KUPONKOD) values (1100,9,to_date('11-APR-21','DD-MON-RR'),520);
Insert into SHOP_ADMIN.RENDELES (RENDELESSZAM,FELHASZNALOID,MIKOR,KUPONKOD) values (1110,3,to_date('15-MAR-21','DD-MON-RR'),null);
Insert into SHOP_ADMIN.RENDELES (RENDELESSZAM,FELHASZNALOID,MIKOR,KUPONKOD) values (1120,22,to_date('19-FEB-21','DD-MON-RR'),500);
Insert into SHOP_ADMIN.RENDELES (RENDELESSZAM,FELHASZNALOID,MIKOR,KUPONKOD) values (1130,7,to_date('27-JAN-21','DD-MON-RR'),510);
Insert into SHOP_ADMIN.RENDELES (RENDELESSZAM,FELHASZNALOID,MIKOR,KUPONKOD) values (1140,11,to_date('12-MAR-21','DD-MON-RR'),null);
Insert into SHOP_ADMIN.RENDELES (RENDELESSZAM,FELHASZNALOID,MIKOR,KUPONKOD) values (1150,17,to_date('19-JAN-21','DD-MON-RR'),null);
Insert into SHOP_ADMIN.RENDELES (RENDELESSZAM,FELHASZNALOID,MIKOR,KUPONKOD) values (1160,1,to_date('07-MAR-21','DD-MON-RR'),530);
Insert into SHOP_ADMIN.RENDELES (RENDELESSZAM,FELHASZNALOID,MIKOR,KUPONKOD) values (1170,27,to_date('16-FEB-21','DD-MON-RR'),null);
Insert into SHOP_ADMIN.RENDELES (RENDELESSZAM,FELHASZNALOID,MIKOR,KUPONKOD) values (1180,11,to_date('11-MAR-21','DD-MON-RR'),null);
Insert into SHOP_ADMIN.RENDELES (RENDELESSZAM,FELHASZNALOID,MIKOR,KUPONKOD) values (1190,26,to_date('28-APR-21','DD-MON-RR'),null);
Insert into SHOP_ADMIN.RENDELES (RENDELESSZAM,FELHASZNALOID,MIKOR,KUPONKOD) values (1195,1234,to_date('04-MAY-21','DD-MON-RR'),520);
Insert into SHOP_ADMIN.RENDELES (RENDELESSZAM,FELHASZNALOID,MIKOR,KUPONKOD) values (1211,46,to_date('05-MAY-21','DD-MON-RR'),null);
REM INSERTING into SHOP_ADMIN.RENDELESSZOLGALTATAS
SET DEFINE OFF;
Insert into SHOP_ADMIN.RENDELESSZOLGALTATAS (RENDELESSZAM,SZOLGALTATASID) values (1150,201);
Insert into SHOP_ADMIN.RENDELESSZOLGALTATAS (RENDELESSZAM,SZOLGALTATASID) values (1160,207);
Insert into SHOP_ADMIN.RENDELESSZOLGALTATAS (RENDELESSZAM,SZOLGALTATASID) values (1170,204);
Insert into SHOP_ADMIN.RENDELESSZOLGALTATAS (RENDELESSZAM,SZOLGALTATASID) values (1180,203);
Insert into SHOP_ADMIN.RENDELESSZOLGALTATAS (RENDELESSZAM,SZOLGALTATASID) values (1190,200);
Insert into SHOP_ADMIN.RENDELESSZOLGALTATAS (RENDELESSZAM,SZOLGALTATASID) values (1195,200);
Insert into SHOP_ADMIN.RENDELESSZOLGALTATAS (RENDELESSZAM,SZOLGALTATASID) values (1195,201);
Insert into SHOP_ADMIN.RENDELESSZOLGALTATAS (RENDELESSZAM,SZOLGALTATASID) values (1201,203);
Insert into SHOP_ADMIN.RENDELESSZOLGALTATAS (RENDELESSZAM,SZOLGALTATASID) values (1201,204);
Insert into SHOP_ADMIN.RENDELESSZOLGALTATAS (RENDELESSZAM,SZOLGALTATASID) values (1202,203);
Insert into SHOP_ADMIN.RENDELESSZOLGALTATAS (RENDELESSZAM,SZOLGALTATASID) values (1202,204);
Insert into SHOP_ADMIN.RENDELESSZOLGALTATAS (RENDELESSZAM,SZOLGALTATASID) values (1203,203);
Insert into SHOP_ADMIN.RENDELESSZOLGALTATAS (RENDELESSZAM,SZOLGALTATASID) values (1203,204);
Insert into SHOP_ADMIN.RENDELESSZOLGALTATAS (RENDELESSZAM,SZOLGALTATASID) values (1204,203);
Insert into SHOP_ADMIN.RENDELESSZOLGALTATAS (RENDELESSZAM,SZOLGALTATASID) values (1204,204);
Insert into SHOP_ADMIN.RENDELESSZOLGALTATAS (RENDELESSZAM,SZOLGALTATASID) values (1205,203);
Insert into SHOP_ADMIN.RENDELESSZOLGALTATAS (RENDELESSZAM,SZOLGALTATASID) values (1205,204);
Insert into SHOP_ADMIN.RENDELESSZOLGALTATAS (RENDELESSZAM,SZOLGALTATASID) values (1207,206);
REM INSERTING into SHOP_ADMIN.RENDELESTERMEK
SET DEFINE OFF;
REM INSERTING into SHOP_ADMIN.SZOLGALTATAS
SET DEFINE OFF;
Insert into SHOP_ADMIN.SZOLGALTATAS (ID,NEV,AR,LEIRAS) values (200,'Fűnyírás',1500,'Lenyírjuk a füvet');
Insert into SHOP_ADMIN.SZOLGALTATAS (ID,NEV,AR,LEIRAS) values (201,'Rágcsálóírtás',4000,'Kerti rágcsálók befogása állatbarát csapdákkal');
Insert into SHOP_ADMIN.SZOLGALTATAS (ID,NEV,AR,LEIRAS) values (202,'Rovarírtás',2000,'Kártevő rovarok környezetbarát írtása');
Insert into SHOP_ADMIN.SZOLGALTATAS (ID,NEV,AR,LEIRAS) values (203,'Kútfúrás',26000,'Fúrunk kutat, szépet');
Insert into SHOP_ADMIN.SZOLGALTATAS (ID,NEV,AR,LEIRAS) values (204,'Palántázás',300,'Az ár palántánként értendő');
Insert into SHOP_ADMIN.SZOLGALTATAS (ID,NEV,AR,LEIRAS) values (205,'Medencetisztítás',6000,'Tiszta lesz a medencéje');
Insert into SHOP_ADMIN.SZOLGALTATAS (ID,NEV,AR,LEIRAS) values (206,'Burkolatlerakás',5000,'Burkolat ízléses lehelyezése');
Insert into SHOP_ADMIN.SZOLGALTATAS (ID,NEV,AR,LEIRAS) values (207,'Medenceásás',15000,'Lesz egy nagy gödre');
Insert into SHOP_ADMIN.SZOLGALTATAS (ID,NEV,AR,LEIRAS) values (208,'Automata locsolórendszer elhelyezése',20000,'Tudni fog ezentúl locsolni');
Insert into SHOP_ADMIN.SZOLGALTATAS (ID,NEV,AR,LEIRAS) values (209,'Rovarhotel elhelyezése',7000,'Kis rovarkák lakhatását biztosítjuk');
REM INSERTING into SHOP_ADMIN.TELJESIT
SET DEFINE OFF;
Insert into SHOP_ADMIN.TELJESIT (RENDELESSZAM,KISZALLITASISZAM,TELJESULT) values (1010,1010,1);
Insert into SHOP_ADMIN.TELJESIT (RENDELESSZAM,KISZALLITASISZAM,TELJESULT) values (1020,1020,1);
Insert into SHOP_ADMIN.TELJESIT (RENDELESSZAM,KISZALLITASISZAM,TELJESULT) values (1030,1030,1);
Insert into SHOP_ADMIN.TELJESIT (RENDELESSZAM,KISZALLITASISZAM,TELJESULT) values (1040,1040,1);
Insert into SHOP_ADMIN.TELJESIT (RENDELESSZAM,KISZALLITASISZAM,TELJESULT) values (1050,1050,1);
Insert into SHOP_ADMIN.TELJESIT (RENDELESSZAM,KISZALLITASISZAM,TELJESULT) values (1060,1060,1);
Insert into SHOP_ADMIN.TELJESIT (RENDELESSZAM,KISZALLITASISZAM,TELJESULT) values (1070,1070,1);
Insert into SHOP_ADMIN.TELJESIT (RENDELESSZAM,KISZALLITASISZAM,TELJESULT) values (1080,1080,1);
Insert into SHOP_ADMIN.TELJESIT (RENDELESSZAM,KISZALLITASISZAM,TELJESULT) values (1090,1090,1);
Insert into SHOP_ADMIN.TELJESIT (RENDELESSZAM,KISZALLITASISZAM,TELJESULT) values (1100,1100,1);
Insert into SHOP_ADMIN.TELJESIT (RENDELESSZAM,KISZALLITASISZAM,TELJESULT) values (1110,1110,1);
Insert into SHOP_ADMIN.TELJESIT (RENDELESSZAM,KISZALLITASISZAM,TELJESULT) values (1120,1120,1);
Insert into SHOP_ADMIN.TELJESIT (RENDELESSZAM,KISZALLITASISZAM,TELJESULT) values (1130,1130,1);
Insert into SHOP_ADMIN.TELJESIT (RENDELESSZAM,KISZALLITASISZAM,TELJESULT) values (1140,1140,1);
Insert into SHOP_ADMIN.TELJESIT (RENDELESSZAM,KISZALLITASISZAM,TELJESULT) values (1150,1150,1);
Insert into SHOP_ADMIN.TELJESIT (RENDELESSZAM,KISZALLITASISZAM,TELJESULT) values (1160,1160,1);
Insert into SHOP_ADMIN.TELJESIT (RENDELESSZAM,KISZALLITASISZAM,TELJESULT) values (1170,1170,1);
Insert into SHOP_ADMIN.TELJESIT (RENDELESSZAM,KISZALLITASISZAM,TELJESULT) values (1180,1180,1);
Insert into SHOP_ADMIN.TELJESIT (RENDELESSZAM,KISZALLITASISZAM,TELJESULT) values (1190,1190,1);
REM INSERTING into SHOP_ADMIN.TERMEK
SET DEFINE OFF;
Insert into SHOP_ADMIN.TERMEK (ID,UZLETID,TERMEKFAJTAID,KATEGORIAID,NEV,AR,LEIRAS) values (1000,1,100,10,'Fieldmann FZR',21990,'Egyszerűen irányítható, könnyű szerkezet, 3 fokozatú vágásmagasság, könnyen levehető gyűjtődoboz');
Insert into SHOP_ADMIN.TERMEK (ID,UZLETID,TERMEKFAJTAID,KATEGORIAID,NEV,AR,LEIRAS) values (1001,5,100,10,'Makita ELM3720',34290,'40 l-es fűgyűjtő, Központi vágásmagasság állítás 3 fokozatban');
Insert into SHOP_ADMIN.TERMEK (ID,UZLETID,TERMEKFAJTAID,KATEGORIAID,NEV,AR,LEIRAS) values (1002,3,100,10,'Agrimotor FM3310',15989,'Fűgyűjtős elektromos fűnyíró 30,5 cm-es vágószélességgel. Két funkciója közül választhat: fűgyűjtés vagy hátsó kidobás.');
Insert into SHOP_ADMIN.TERMEK (ID,UZLETID,TERMEKFAJTAID,KATEGORIAID,NEV,AR,LEIRAS) values (1003,1,100,10,'Bosch ARM 32',33490,'A Bosch fűnyíró könnyű és kompakt a kényelmes hordozhatóság és a problémamentes irányítás érdekében');
Insert into SHOP_ADMIN.TERMEK (ID,UZLETID,TERMEKFAJTAID,KATEGORIAID,NEV,AR,LEIRAS) values (1004,1,101,10,'LED-es napelemes lámpa sün',2699,'2 darab, egyenként 0,06 wattos LED-del');
Insert into SHOP_ADMIN.TERMEK (ID,UZLETID,TERMEKFAJTAID,KATEGORIAID,NEV,AR,LEIRAS) values (1005,1,101,10,'Lutec Tango',16990,'LED-es kültéri fali lámpa EEC: A++');
Insert into SHOP_ADMIN.TERMEK (ID,UZLETID,TERMEKFAJTAID,KATEGORIAID,NEV,AR,LEIRAS) values (1006,4,101,10,'Lutec Strata',7990,'LED-es padlóba süllyesztett lámpa EEC: A+');
Insert into SHOP_ADMIN.TERMEK (ID,UZLETID,TERMEKFAJTAID,KATEGORIAID,NEV,AR,LEIRAS) values (1007,4,101,10,'Globo Oskari',22990,'LED-es kültéri lámpa rozsdamentes acél antracit EEC: A');
Insert into SHOP_ADMIN.TERMEK (ID,UZLETID,TERMEKFAJTAID,KATEGORIAID,NEV,AR,LEIRAS) values (1008,3,102,10,'Agrimotor Rotációs Kertikapa R52A-L60',119990,'Műszakilag megbízhatóbb, Tolórúd függőlegesen és vízszintesen is állítható');
Insert into SHOP_ADMIN.TERMEK (ID,UZLETID,TERMEKFAJTAID,KATEGORIAID,NEV,AR,LEIRAS) values (1009,5,102,10,'Pótkés',12490,'LUX E-BH 1400-43 elektromos kapálógéphez');
Insert into SHOP_ADMIN.TERMEK (ID,UZLETID,TERMEKFAJTAID,KATEGORIAID,NEV,AR,LEIRAS) values (1010,2,102,10,'Einhell Elektromos Kapálógép GC-RT 1545 M',54990,'Teljesítmény 1500 W');
Insert into SHOP_ADMIN.TERMEK (ID,UZLETID,TERMEKFAJTAID,KATEGORIAID,NEV,AR,LEIRAS) values (1011,4,102,10,'LUX E-BH 1400-43 elektromos kapálógép',29990,'30,5 cm és 43 cm között állítható munkaszélesség');
Insert into SHOP_ADMIN.TERMEK (ID,UZLETID,TERMEKFAJTAID,KATEGORIAID,NEV,AR,LEIRAS) values (1012,3,103,11,'Bonsai dekorkővel cserépátmérő',7290,'kb. 21 cm, modern, egzotikus, dekoratív');
Insert into SHOP_ADMIN.TERMEK (ID,UZLETID,TERMEKFAJTAID,KATEGORIAID,NEV,AR,LEIRAS) values (1013,4,103,11,'Zöldnövény mix',2599,'Napos helyet kedvelik');
Insert into SHOP_ADMIN.TERMEK (ID,UZLETID,TERMEKFAJTAID,KATEGORIAID,NEV,AR,LEIRAS) values (1014,1,103,11,'Léggömbvirág Platycodon',999,'Virágágyásokba és erkélyre ültethető');
Insert into SHOP_ADMIN.TERMEK (ID,UZLETID,TERMEKFAJTAID,KATEGORIAID,NEV,AR,LEIRAS) values (1015,1,103,11,'Bambusz orchidea',4299,'"Sa-Nook" egyszárú Dendrobium');
Insert into SHOP_ADMIN.TERMEK (ID,UZLETID,TERMEKFAJTAID,KATEGORIAID,NEV,AR,LEIRAS) values (1016,1,104,11,'Classic kapor',109,'Egyéves növény, szakaszosan vethető');
Insert into SHOP_ADMIN.TERMEK (ID,UZLETID,TERMEKFAJTAID,KATEGORIAID,NEV,AR,LEIRAS) values (1017,2,104,11,'Classic sárgarépa',109,'Vörös óriás, nagy termőképességű, késői fajta');
Insert into SHOP_ADMIN.TERMEK (ID,UZLETID,TERMEKFAJTAID,KATEGORIAID,NEV,AR,LEIRAS) values (1018,5,104,11,'Konyharetek',159,'Hajtatásra és korai szabadföldi termesztésre alkalmas gyors növekedésű fajta');
Insert into SHOP_ADMIN.TERMEK (ID,UZLETID,TERMEKFAJTAID,KATEGORIAID,NEV,AR,LEIRAS) values (1019,3,104,11,'Cukkini black beauty',129,'10 cm-es helyközökkel ültetni');
Insert into SHOP_ADMIN.TERMEK (ID,UZLETID,TERMEKFAJTAID,KATEGORIAID,NEV,AR,LEIRAS) values (1020,1,105,11,'Garri virágföld',929,'rhododendronokhoz és azáliahoz 20 l');
Insert into SHOP_ADMIN.TERMEK (ID,UZLETID,TERMEKFAJTAID,KATEGORIAID,NEV,AR,LEIRAS) values (1021,4,105,11,'Vitaflóra növénytisztító permet',1599,'500 ml, Levéltetvek és egyéb kártevők ellen');
Insert into SHOP_ADMIN.TERMEK (ID,UZLETID,TERMEKFAJTAID,KATEGORIAID,NEV,AR,LEIRAS) values (1022,2,105,11,'Garri tápoldat',849,'virágzásindító és- serkentő 500 ml');
Insert into SHOP_ADMIN.TERMEK (ID,UZLETID,TERMEKFAJTAID,KATEGORIAID,NEV,AR,LEIRAS) values (1023,5,105,11,'Compo biotrágya',1799,'rododendronoknak gyapjúval hosszú hatású 750 g');
Insert into SHOP_ADMIN.TERMEK (ID,UZLETID,TERMEKFAJTAID,KATEGORIAID,NEV,AR,LEIRAS) values (1024,4,106,12,'Lapát "Solid"',5499,'Ergonomikus nyél kialakítás');
Insert into SHOP_ADMIN.TERMEK (ID,UZLETID,TERMEKFAJTAID,KATEGORIAID,NEV,AR,LEIRAS) values (1025,2,106,12,'Gereblye fa nyéllel',1499,'Kötelező eleme a kertnek, fa nyéllel');
Insert into SHOP_ADMIN.TERMEK (ID,UZLETID,TERMEKFAJTAID,KATEGORIAID,NEV,AR,LEIRAS) values (1026,3,106,12,'LUX Kerti dupla kapa',3199,'villás, mini nyéllel 85 cm');
Insert into SHOP_ADMIN.TERMEK (ID,UZLETID,TERMEKFAJTAID,KATEGORIAID,NEV,AR,LEIRAS) values (1027,1,106,12,'Gardena combisystem virágkarom',2999,'Ergonomikusan kialakított fogantyú');
Insert into SHOP_ADMIN.TERMEK (ID,UZLETID,TERMEKFAJTAID,KATEGORIAID,NEV,AR,LEIRAS) values (1028,5,107,12,'Fiskars metszőolló SingleStep P26',3999,'Kiegyensúlyozott vágási teljesítmény');
Insert into SHOP_ADMIN.TERMEK (ID,UZLETID,TERMEKFAJTAID,KATEGORIAID,NEV,AR,LEIRAS) values (1029,4,107,12,'Bypass ágvágó olló',3799,'70 cm, Tapadásmentes bevonatú penge');
Insert into SHOP_ADMIN.TERMEK (ID,UZLETID,TERMEKFAJTAID,KATEGORIAID,NEV,AR,LEIRAS) values (1030,1,107,12,'LUX 3 részes kis szerszámkészlet',4999,'3 részes készlet díszcsomagolásban');
Insert into SHOP_ADMIN.TERMEK (ID,UZLETID,TERMEKFAJTAID,KATEGORIAID,NEV,AR,LEIRAS) values (1031,4,107,12,'Fiskars Solid dupla kapa',2399,'323 mm, Gyomok irtásához és kikapálásához');
Insert into SHOP_ADMIN.TERMEK (ID,UZLETID,TERMEKFAJTAID,KATEGORIAID,NEV,AR,LEIRAS) values (1032,1,108,12,'LUX multifunkciós kerti szórófej',2199,'7-féle, tetszés szerint és fokozatmentesen szabályozható szórófunkció');
Insert into SHOP_ADMIN.TERMEK (ID,UZLETID,TERMEKFAJTAID,KATEGORIAID,NEV,AR,LEIRAS) values (1033,2,108,12,'Esővízgyűjtő Woodcan 265 l barna',21999,'Remekül illeszkedik bármilyen kerti környezetbe');
Insert into SHOP_ADMIN.TERMEK (ID,UZLETID,TERMEKFAJTAID,KATEGORIAID,NEV,AR,LEIRAS) values (1034,3,108,12,'Mélykúti szivattyú',10990,'Max. szállítási magasság: 60 m');
Insert into SHOP_ADMIN.TERMEK (ID,UZLETID,TERMEKFAJTAID,KATEGORIAID,NEV,AR,LEIRAS) values (1035,4,108,12,'CMI tömlőkocsi',4999,'műanyag zöld, akár 60 m-es kerti tömlőhöz');
Insert into SHOP_ADMIN.TERMEK (ID,UZLETID,TERMEKFAJTAID,KATEGORIAID,NEV,AR,LEIRAS) values (1036,1,109,13,'Kerti pad Garden Pleasure',25990,'FSC -tanúsított eukaliptuszfából, 2 személyes 86 x 110 x 56,5 cm');
Insert into SHOP_ADMIN.TERMEK (ID,UZLETID,TERMEKFAJTAID,KATEGORIAID,NEV,AR,LEIRAS) values (1037,2,109,13,'Robinson fotel párnával',29990,'Környezetbarát vékonylazúrral felületkezelt');
Insert into SHOP_ADMIN.TERMEK (ID,UZLETID,TERMEKFAJTAID,KATEGORIAID,NEV,AR,LEIRAS) values (1038,4,109,13,'Bonlee összecsukható szék',46990,'A különösen kényelmes ülés érdekében állítható háttámla, FSC 108,9 cm x 59,7 cm x 64,4 cm');
Insert into SHOP_ADMIN.TERMEK (ID,UZLETID,TERMEKFAJTAID,KATEGORIAID,NEV,AR,LEIRAS) values (1039,5,109,13,'Travessa kerti bútorgarnitúra',89990,'Komplett ülőgarnitúra kültérre, asztallal és napernyővel, 8 részes alumínium piros');
Insert into SHOP_ADMIN.TERMEK (ID,UZLETID,TERMEKFAJTAID,KATEGORIAID,NEV,AR,LEIRAS) values (1040,4,110,13,'Mini ledugható kerítés',1990,'Nyomás alatt impregnált, 120 cm x 30/45 cm');
Insert into SHOP_ADMIN.TERMEK (ID,UZLETID,TERMEKFAJTAID,KATEGORIAID,NEV,AR,LEIRAS) values (1041,2,110,13,'Fonott kerítés',3990,'Nyomás alatt impregnált 100 cm x 180 cm');
Insert into SHOP_ADMIN.TERMEK (ID,UZLETID,TERMEKFAJTAID,KATEGORIAID,NEV,AR,LEIRAS) values (1042,5,110,13,'Füssen előkerti kerítés',12990,'Rozsdamentes acél elemekkel, antracit 180 cm x 90 cm');
Insert into SHOP_ADMIN.TERMEK (ID,UZLETID,TERMEKFAJTAID,KATEGORIAID,NEV,AR,LEIRAS) values (1043,3,110,13,'Vadászkerítés',6990,'Klasszikus kerti kerítés, 55 cm x 100 cm x 250 cm');
Insert into SHOP_ADMIN.TERMEK (ID,UZLETID,TERMEKFAJTAID,KATEGORIAID,NEV,AR,LEIRAS) values (1044,4,111,13,'Kerti figura moai mellszobor',39990,'Dekoratív kiegészítő az erkélyre, a bejárathoz és virágágyásokba, 96 cm szürke');
Insert into SHOP_ADMIN.TERMEK (ID,UZLETID,TERMEKFAJTAID,KATEGORIAID,NEV,AR,LEIRAS) values (1045,2,111,13,'Törpe dekorfigura lámpással',7990,'Ellenálló polisztonból, 22 cm x 29 cm x 48 cm piros');
Insert into SHOP_ADMIN.TERMEK (ID,UZLETID,TERMEKFAJTAID,KATEGORIAID,NEV,AR,LEIRAS) values (1046,3,111,13,'Kerti figura ülő Buddha',13990,'Dekoratív dísz a teraszra vagy a kertbe, 59 cm szürke');
Insert into SHOP_ADMIN.TERMEK (ID,UZLETID,TERMEKFAJTAID,KATEGORIAID,NEV,AR,LEIRAS) values (1047,5,111,13,'Madáritató',2490,'Bel- és kültérre is alkalmas, 28 cm x 26 cm, szürke');
REM INSERTING into SHOP_ADMIN.TERMEKFAJTA
SET DEFINE OFF;
Insert into SHOP_ADMIN.TERMEKFAJTA (ID,NEV) values (100,'Fűnyírók');
Insert into SHOP_ADMIN.TERMEKFAJTA (ID,NEV) values (101,'Kültéri világítás');
Insert into SHOP_ADMIN.TERMEKFAJTA (ID,NEV) values (102,'Kapálógépek');
Insert into SHOP_ADMIN.TERMEKFAJTA (ID,NEV) values (103,'Cserepes növények');
Insert into SHOP_ADMIN.TERMEKFAJTA (ID,NEV) values (104,'Vetőmag');
Insert into SHOP_ADMIN.TERMEKFAJTA (ID,NEV) values (105,'Növényápolás, növénytermesztés');
Insert into SHOP_ADMIN.TERMEKFAJTA (ID,NEV) values (106,'Földművelő eszközök');
Insert into SHOP_ADMIN.TERMEKFAJTA (ID,NEV) values (107,'Kéziszerszámok');
Insert into SHOP_ADMIN.TERMEKFAJTA (ID,NEV) values (108,'Víz a kertben');
Insert into SHOP_ADMIN.TERMEKFAJTA (ID,NEV) values (109,'Kertibútorok');
Insert into SHOP_ADMIN.TERMEKFAJTA (ID,NEV) values (110,'Kerítések');
Insert into SHOP_ADMIN.TERMEKFAJTA (ID,NEV) values (111,'Dekorációk');
REM INSERTING into SHOP_ADMIN.UZLET
SET DEFINE OFF;
Insert into SHOP_ADMIN.UZLET (ID,LAKCIMID) values (1,930);
Insert into SHOP_ADMIN.UZLET (ID,LAKCIMID) values (2,931);
Insert into SHOP_ADMIN.UZLET (ID,LAKCIMID) values (3,932);
Insert into SHOP_ADMIN.UZLET (ID,LAKCIMID) values (4,933);
Insert into SHOP_ADMIN.UZLET (ID,LAKCIMID) values (5,934);
REM INSERTING into SHOP_ADMIN.UZLETNYITVATARTAS
SET DEFINE OFF;
Insert into SHOP_ADMIN.UZLETNYITVATARTAS (UZLETID,NYITAS,ZARAS) values (1,to_timestamp('01-APR-21 10.00.00.000000000 AM','DD-MON-RR HH.MI.SSXFF AM'),to_timestamp('01-APR-21 10.00.00.000000000 PM','DD-MON-RR HH.MI.SSXFF AM'));
Insert into SHOP_ADMIN.UZLETNYITVATARTAS (UZLETID,NYITAS,ZARAS) values (2,to_timestamp('01-APR-21 08.00.00.000000000 AM','DD-MON-RR HH.MI.SSXFF AM'),to_timestamp('01-APR-21 04.00.00.000000000 PM','DD-MON-RR HH.MI.SSXFF AM'));
Insert into SHOP_ADMIN.UZLETNYITVATARTAS (UZLETID,NYITAS,ZARAS) values (3,to_timestamp('01-APR-21 08.00.00.000000000 AM','DD-MON-RR HH.MI.SSXFF AM'),to_timestamp('01-APR-21 08.00.00.000000000 PM','DD-MON-RR HH.MI.SSXFF AM'));
Insert into SHOP_ADMIN.UZLETNYITVATARTAS (UZLETID,NYITAS,ZARAS) values (4,to_timestamp('01-APR-21 10.00.00.000000000 AM','DD-MON-RR HH.MI.SSXFF AM'),to_timestamp('01-APR-21 08.00.00.000000000 PM','DD-MON-RR HH.MI.SSXFF AM'));
Insert into SHOP_ADMIN.UZLETNYITVATARTAS (UZLETID,NYITAS,ZARAS) values (5,to_timestamp('01-APR-21 10.00.00.000000000 AM','DD-MON-RR HH.MI.SSXFF AM'),to_timestamp('01-APR-21 06.00.00.000000000 PM','DD-MON-RR HH.MI.SSXFF AM'));
--------------------------------------------------------
--  DDL for Trigger CIMETELLENORIZ
--------------------------------------------------------

  CREATE OR REPLACE EDITIONABLE TRIGGER "SHOP_ADMIN"."CIMETELLENORIZ" 
BEFORE INSERT
ON Lakcim
FOR EACH ROW
BEGIN
DECLARE
    l_exists NUMBER;
    BEGIN
    SELECT COUNT(*) INTO l_exists FROM Lakcim WHERE Lakcim.varos=:New.varos AND Lakcim.hazszam=:New.Hazszam AND Lakcim.hazszam=:NEW.hazszam;
    IF l_exists = 1 THEN raise_application_error(-20100,'Ez a lakcim már létezik');
    END IF;
    END;
END;

/
ALTER TRIGGER "SHOP_ADMIN"."CIMETELLENORIZ" ENABLE;
--------------------------------------------------------
--  DDL for Trigger FELHASZNALOREGISZTRAL
--------------------------------------------------------

  CREATE OR REPLACE EDITIONABLE TRIGGER "SHOP_ADMIN"."FELHASZNALOREGISZTRAL" 
BEFORE INSERT 
ON Felhasznalo
BEGIN
    UPDATE Felhasznaloszamlalo SET ertek = ertek+1;
END;

/
ALTER TRIGGER "SHOP_ADMIN"."FELHASZNALOREGISZTRAL" ENABLE;
--------------------------------------------------------
--  DDL for Trigger FELHASZNALOTOROL
--------------------------------------------------------

  CREATE OR REPLACE EDITIONABLE TRIGGER "SHOP_ADMIN"."FELHASZNALOTOROL" 
BEFORE DELETE
ON Felhasznalo
BEGIN
    UPDATE Felhasznaloszamlalo SET ertek = ertek-1;
END;

/
ALTER TRIGGER "SHOP_ADMIN"."FELHASZNALOTOROL" ENABLE;
--------------------------------------------------------
--  DDL for Trigger JELSZOVALTASNAPLOZAS
--------------------------------------------------------

  CREATE OR REPLACE EDITIONABLE TRIGGER "SHOP_ADMIN"."JELSZOVALTASNAPLOZAS" 
BEFORE UPDATE OF hash
ON Felhasznalo
REFERENCING NEW AS NEW OLD AS OLD
FOR EACH ROW
BEGIN
    INSERT INTO JelszovaltasNaplo VALUES(SYSDATE, :NEW.id, :OLD.hash, :NEW.hash);
END;

/
ALTER TRIGGER "SHOP_ADMIN"."JELSZOVALTASNAPLOZAS" ENABLE;
--------------------------------------------------------
--  DDL for Trigger TERMEK_CHECK
--------------------------------------------------------

  CREATE OR REPLACE EDITIONABLE TRIGGER "SHOP_ADMIN"."TERMEK_CHECK" 
BEFORE INSERT
ON RendelesTermek
FOR EACH ROW
DECLARE
l_exists NUMBER;
BEGIN
        SELECT COUNT(*) INTO l_exists FROM TERMEK WHERE Termek.id = :NEW.termekid;
        IF l_exists=0 THEN raise_application_error(-20200,'Nem létezik a termék'); END IF;
END;

/
ALTER TRIGGER "SHOP_ADMIN"."TERMEK_CHECK" ENABLE;
--------------------------------------------------------
--  DDL for Procedure FELARAZAS
--------------------------------------------------------
set define off;

  CREATE OR REPLACE EDITIONABLE PROCEDURE "SHOP_ADMIN"."FELARAZAS" (tipus in NUMBER,felaraz in NUMBER) IS
    CURSOR lekeres(p_tipus NUMBER)IS SELECT * FROM Termek WHERE termek.termekfajtaid=p_tipus;
    rekord Termek%ROWTYPE;
BEGIN
        OPEN lekeres(tipus);
        loop
            fetch lekeres INTO rekord;
            exit when lekeres%NOTFOUND;
            rekord.ar := rekord.ar+felaraz;
        end loop;
END;

/
--------------------------------------------------------
--  DDL for Procedure LEARAZAS
--------------------------------------------------------
set define off;

  CREATE OR REPLACE EDITIONABLE PROCEDURE "SHOP_ADMIN"."LEARAZAS" (tipus in NUMBER,learaz in NUMBER) IS
    CURSOR lekeres(p_tipus NUMBER)IS SELECT * FROM Termek WHERE termek.termekfajtaid=p_tipus;
    rekord Termek%ROWTYPE;
BEGIN
        OPEN lekeres(tipus);
        loop
            fetch lekeres INTO rekord;
            exit when lekeres%NOTFOUND;
            if (rekord.ar>learaz) then
                rekord.ar := rekord.ar-learaz;
                UPDATE Termek SET ar = rekord.ar WHERE termek.id = rekord.id;
            end if;
        end loop;
END;

/
--------------------------------------------------------
--  DDL for Procedure REGISTER
--------------------------------------------------------
set define off;

  CREATE OR REPLACE EDITIONABLE PROCEDURE "SHOP_ADMIN"."REGISTER" (
    felhasznalonev IN VARCHAR2, 
    nev VARCHAR2,
    hash VARCHAR2,
    telefonszam VARCHAR2,
    email VARCHAR2,
    varos VARCHAR2,
    utca VARCHAR2,
    hazszam VARCHAR2
    )
IS
    lakcimId NUMBER;
BEGIN
    INSERT INTO SHOP_ADMIN.Lakcim (varos, utca, hazszam) VALUES (varos, utca, hazszam);
    SELECT MAX(id) INTO lakcimId FROM SHOP_ADMIN.Lakcim;
    INSERT INTO SHOP_ADMIN.Felhasznalo (felhasznalonev, nev, hash, telefonszam, email, lakcimId) 
    VALUES (felhasznalonev, nev, hash, telefonszam, email, lakcimId);
END;

/
--------------------------------------------------------
--  DDL for Procedure RENDELES_KISZALLITAS
--------------------------------------------------------
set define off;

  CREATE OR REPLACE EDITIONABLE PROCEDURE "SHOP_ADMIN"."RENDELES_KISZALLITAS" (
    felh IN NUMBER, 
    kupon in NUMBER,
    atvevo in VARCHAR,
    lakcim in NUMBER
    ) 
IS
BEGIN
    INSERT INTO Rendeles (felhasznaloid,mikor,kuponkod) VALUES(felh,sysdate,kupon);
    INSERT INTO Kiszallitas (felhasznaloid,atvevonev,lakcimid) VALUES(felh,atvevo,lakcim);
END;

/
--------------------------------------------------------
--  DDL for Procedure TELJESITES
--------------------------------------------------------
set define off;

  CREATE OR REPLACE EDITIONABLE PROCEDURE "SHOP_ADMIN"."TELJESITES" (rendel in NUMBER, kiszal in NUMBER) IS
BEGIN 
    UPDATE TELJESIT SET TELJESULT=1
    WHERE Teljesit.rendelesszam=rendel and Teljesit.kiszallitasiszam=kiszal;
END;

/
--------------------------------------------------------
--  Constraints for Table TERMEK
--------------------------------------------------------

  ALTER TABLE "SHOP_ADMIN"."TERMEK" MODIFY ("NEV" NOT NULL ENABLE);
  ALTER TABLE "SHOP_ADMIN"."TERMEK" MODIFY ("AR" NOT NULL ENABLE);
  ALTER TABLE "SHOP_ADMIN"."TERMEK" MODIFY ("LEIRAS" NOT NULL ENABLE);
  ALTER TABLE "SHOP_ADMIN"."TERMEK" ADD PRIMARY KEY ("ID")
  USING INDEX PCTFREE 10 INITRANS 2 MAXTRANS 255 COMPUTE STATISTICS 
  STORAGE(INITIAL 65536 NEXT 1048576 MINEXTENTS 1 MAXEXTENTS 2147483645
  PCTINCREASE 0 FREELISTS 1 FREELIST GROUPS 1
  BUFFER_POOL DEFAULT FLASH_CACHE DEFAULT CELL_FLASH_CACHE DEFAULT)
  TABLESPACE "USERS"  ENABLE;
--------------------------------------------------------
--  Constraints for Table KISZALLITAS
--------------------------------------------------------

  ALTER TABLE "SHOP_ADMIN"."KISZALLITAS" MODIFY ("FELHASZNALOID" NOT NULL ENABLE);
  ALTER TABLE "SHOP_ADMIN"."KISZALLITAS" MODIFY ("ATVEVONEV" NOT NULL ENABLE);
  ALTER TABLE "SHOP_ADMIN"."KISZALLITAS" MODIFY ("LAKCIMID" NOT NULL ENABLE);
  ALTER TABLE "SHOP_ADMIN"."KISZALLITAS" ADD PRIMARY KEY ("KISZALLITASISZAM")
  USING INDEX PCTFREE 10 INITRANS 2 MAXTRANS 255 COMPUTE STATISTICS 
  STORAGE(INITIAL 65536 NEXT 1048576 MINEXTENTS 1 MAXEXTENTS 2147483645
  PCTINCREASE 0 FREELISTS 1 FREELIST GROUPS 1
  BUFFER_POOL DEFAULT FLASH_CACHE DEFAULT CELL_FLASH_CACHE DEFAULT)
  TABLESPACE "USERS"  ENABLE;
--------------------------------------------------------
--  Constraints for Table RENDELES
--------------------------------------------------------

  ALTER TABLE "SHOP_ADMIN"."RENDELES" MODIFY ("FELHASZNALOID" NOT NULL ENABLE);
  ALTER TABLE "SHOP_ADMIN"."RENDELES" MODIFY ("MIKOR" NOT NULL ENABLE);
  ALTER TABLE "SHOP_ADMIN"."RENDELES" ADD PRIMARY KEY ("RENDELESSZAM")
  USING INDEX PCTFREE 10 INITRANS 2 MAXTRANS 255 COMPUTE STATISTICS 
  STORAGE(INITIAL 65536 NEXT 1048576 MINEXTENTS 1 MAXEXTENTS 2147483645
  PCTINCREASE 0 FREELISTS 1 FREELIST GROUPS 1
  BUFFER_POOL DEFAULT FLASH_CACHE DEFAULT CELL_FLASH_CACHE DEFAULT)
  TABLESPACE "USERS"  ENABLE;
--------------------------------------------------------
--  Constraints for Table FELHASZNALO
--------------------------------------------------------

  ALTER TABLE "SHOP_ADMIN"."FELHASZNALO" MODIFY ("NEV" NOT NULL ENABLE);
  ALTER TABLE "SHOP_ADMIN"."FELHASZNALO" MODIFY ("HASH" NOT NULL ENABLE);
  ALTER TABLE "SHOP_ADMIN"."FELHASZNALO" MODIFY ("EMAIL" NOT NULL ENABLE);
  ALTER TABLE "SHOP_ADMIN"."FELHASZNALO" ADD PRIMARY KEY ("ID")
  USING INDEX PCTFREE 10 INITRANS 2 MAXTRANS 255 COMPUTE STATISTICS 
  STORAGE(INITIAL 65536 NEXT 1048576 MINEXTENTS 1 MAXEXTENTS 2147483645
  PCTINCREASE 0 FREELISTS 1 FREELIST GROUPS 1
  BUFFER_POOL DEFAULT FLASH_CACHE DEFAULT CELL_FLASH_CACHE DEFAULT)
  TABLESPACE "USERS"  ENABLE;
  ALTER TABLE "SHOP_ADMIN"."FELHASZNALO" ADD UNIQUE ("FELHASZNALONEV")
  USING INDEX PCTFREE 10 INITRANS 2 MAXTRANS 255 COMPUTE STATISTICS 
  STORAGE(INITIAL 65536 NEXT 1048576 MINEXTENTS 1 MAXEXTENTS 2147483645
  PCTINCREASE 0 FREELISTS 1 FREELIST GROUPS 1
  BUFFER_POOL DEFAULT FLASH_CACHE DEFAULT CELL_FLASH_CACHE DEFAULT)
  TABLESPACE "USERS"  ENABLE;
--------------------------------------------------------
--  Constraints for Table KUPON
--------------------------------------------------------

  ALTER TABLE "SHOP_ADMIN"."KUPON" MODIFY ("KEDVEZMENY" NOT NULL ENABLE);
  ALTER TABLE "SHOP_ADMIN"."KUPON" MODIFY ("LEJARATIDATUM" NOT NULL ENABLE);
  ALTER TABLE "SHOP_ADMIN"."KUPON" ADD PRIMARY KEY ("KOD")
  USING INDEX PCTFREE 10 INITRANS 2 MAXTRANS 255 COMPUTE STATISTICS 
  STORAGE(INITIAL 65536 NEXT 1048576 MINEXTENTS 1 MAXEXTENTS 2147483645
  PCTINCREASE 0 FREELISTS 1 FREELIST GROUPS 1
  BUFFER_POOL DEFAULT FLASH_CACHE DEFAULT CELL_FLASH_CACHE DEFAULT)
  TABLESPACE "USERS"  ENABLE;
--------------------------------------------------------
--  Constraints for Table RENDELESTERMEK
--------------------------------------------------------

  ALTER TABLE "SHOP_ADMIN"."RENDELESTERMEK" MODIFY ("RENDELESSZAM" NOT NULL ENABLE);
  ALTER TABLE "SHOP_ADMIN"."RENDELESTERMEK" MODIFY ("TERMEKID" NOT NULL ENABLE);
  ALTER TABLE "SHOP_ADMIN"."RENDELESTERMEK" MODIFY ("MENNYISEG" NOT NULL ENABLE);
  ALTER TABLE "SHOP_ADMIN"."RENDELESTERMEK" ADD PRIMARY KEY ("RENDELESSZAM", "TERMEKID")
  USING INDEX PCTFREE 10 INITRANS 2 MAXTRANS 255 COMPUTE STATISTICS 
  STORAGE(INITIAL 65536 NEXT 1048576 MINEXTENTS 1 MAXEXTENTS 2147483645
  PCTINCREASE 0 FREELISTS 1 FREELIST GROUPS 1
  BUFFER_POOL DEFAULT FLASH_CACHE DEFAULT CELL_FLASH_CACHE DEFAULT)
  TABLESPACE "USERS"  ENABLE;
--------------------------------------------------------
--  Constraints for Table TELJESIT
--------------------------------------------------------

  ALTER TABLE "SHOP_ADMIN"."TELJESIT" MODIFY ("TELJESULT" NOT NULL ENABLE);
  ALTER TABLE "SHOP_ADMIN"."TELJESIT" ADD PRIMARY KEY ("RENDELESSZAM", "KISZALLITASISZAM")
  USING INDEX PCTFREE 10 INITRANS 2 MAXTRANS 255 COMPUTE STATISTICS 
  STORAGE(INITIAL 65536 NEXT 1048576 MINEXTENTS 1 MAXEXTENTS 2147483645
  PCTINCREASE 0 FREELISTS 1 FREELIST GROUPS 1
  BUFFER_POOL DEFAULT FLASH_CACHE DEFAULT CELL_FLASH_CACHE DEFAULT)
  TABLESPACE "USERS"  ENABLE;
--------------------------------------------------------
--  Constraints for Table RENDELESSZOLGALTATAS
--------------------------------------------------------

  ALTER TABLE "SHOP_ADMIN"."RENDELESSZOLGALTATAS" MODIFY ("RENDELESSZAM" NOT NULL ENABLE);
  ALTER TABLE "SHOP_ADMIN"."RENDELESSZOLGALTATAS" MODIFY ("SZOLGALTATASID" NOT NULL ENABLE);
  ALTER TABLE "SHOP_ADMIN"."RENDELESSZOLGALTATAS" ADD PRIMARY KEY ("RENDELESSZAM", "SZOLGALTATASID")
  USING INDEX PCTFREE 10 INITRANS 2 MAXTRANS 255 COMPUTE STATISTICS 
  STORAGE(INITIAL 65536 NEXT 1048576 MINEXTENTS 1 MAXEXTENTS 2147483645
  PCTINCREASE 0 FREELISTS 1 FREELIST GROUPS 1
  BUFFER_POOL DEFAULT FLASH_CACHE DEFAULT CELL_FLASH_CACHE DEFAULT)
  TABLESPACE "USERS"  ENABLE;
--------------------------------------------------------
--  Constraints for Table LAKCIM
--------------------------------------------------------

  ALTER TABLE "SHOP_ADMIN"."LAKCIM" MODIFY ("VAROS" NOT NULL ENABLE);
  ALTER TABLE "SHOP_ADMIN"."LAKCIM" MODIFY ("UTCA" NOT NULL ENABLE);
  ALTER TABLE "SHOP_ADMIN"."LAKCIM" MODIFY ("HAZSZAM" NOT NULL ENABLE);
  ALTER TABLE "SHOP_ADMIN"."LAKCIM" ADD PRIMARY KEY ("ID")
  USING INDEX PCTFREE 10 INITRANS 2 MAXTRANS 255 COMPUTE STATISTICS 
  STORAGE(INITIAL 65536 NEXT 1048576 MINEXTENTS 1 MAXEXTENTS 2147483645
  PCTINCREASE 0 FREELISTS 1 FREELIST GROUPS 1
  BUFFER_POOL DEFAULT FLASH_CACHE DEFAULT CELL_FLASH_CACHE DEFAULT)
  TABLESPACE "USERS"  ENABLE;
--------------------------------------------------------
--  Constraints for Table SZOLGALTATAS
--------------------------------------------------------

  ALTER TABLE "SHOP_ADMIN"."SZOLGALTATAS" MODIFY ("NEV" NOT NULL ENABLE);
  ALTER TABLE "SHOP_ADMIN"."SZOLGALTATAS" MODIFY ("AR" NOT NULL ENABLE);
  ALTER TABLE "SHOP_ADMIN"."SZOLGALTATAS" MODIFY ("LEIRAS" NOT NULL ENABLE);
  ALTER TABLE "SHOP_ADMIN"."SZOLGALTATAS" ADD PRIMARY KEY ("ID")
  USING INDEX PCTFREE 10 INITRANS 2 MAXTRANS 255 COMPUTE STATISTICS 
  STORAGE(INITIAL 65536 NEXT 1048576 MINEXTENTS 1 MAXEXTENTS 2147483645
  PCTINCREASE 0 FREELISTS 1 FREELIST GROUPS 1
  BUFFER_POOL DEFAULT FLASH_CACHE DEFAULT CELL_FLASH_CACHE DEFAULT)
  TABLESPACE "USERS"  ENABLE;
--------------------------------------------------------
--  Constraints for Table ADMINISZTRATOR
--------------------------------------------------------

  ALTER TABLE "SHOP_ADMIN"."ADMINISZTRATOR" MODIFY ("ID" NOT NULL ENABLE);
  ALTER TABLE "SHOP_ADMIN"."ADMINISZTRATOR" MODIFY ("TERMEKETHOZZAADHAT" NOT NULL ENABLE);
  ALTER TABLE "SHOP_ADMIN"."ADMINISZTRATOR" MODIFY ("MODERALHAT" NOT NULL ENABLE);
  ALTER TABLE "SHOP_ADMIN"."ADMINISZTRATOR" MODIFY ("BEOSZTAS" NOT NULL ENABLE);
  ALTER TABLE "SHOP_ADMIN"."ADMINISZTRATOR" MODIFY ("SZOLGALTATASTHOZZAADHAT" NOT NULL ENABLE);
--------------------------------------------------------
--  Constraints for Table ERTEKELES
--------------------------------------------------------

  ALTER TABLE "SHOP_ADMIN"."ERTEKELES" MODIFY ("FELHASZNALOID" NOT NULL ENABLE);
  ALTER TABLE "SHOP_ADMIN"."ERTEKELES" MODIFY ("DATUM" NOT NULL ENABLE);
  ALTER TABLE "SHOP_ADMIN"."ERTEKELES" MODIFY ("CSILLAG" NOT NULL ENABLE);
  ALTER TABLE "SHOP_ADMIN"."ERTEKELES" ADD PRIMARY KEY ("ID")
  USING INDEX PCTFREE 10 INITRANS 2 MAXTRANS 255 COMPUTE STATISTICS 
  STORAGE(INITIAL 65536 NEXT 1048576 MINEXTENTS 1 MAXEXTENTS 2147483645
  PCTINCREASE 0 FREELISTS 1 FREELIST GROUPS 1
  BUFFER_POOL DEFAULT FLASH_CACHE DEFAULT CELL_FLASH_CACHE DEFAULT)
  TABLESPACE "USERS"  ENABLE;
--------------------------------------------------------
--  Constraints for Table UZLETNYITVATARTAS
--------------------------------------------------------

  ALTER TABLE "SHOP_ADMIN"."UZLETNYITVATARTAS" MODIFY ("NYITAS" NOT NULL ENABLE);
  ALTER TABLE "SHOP_ADMIN"."UZLETNYITVATARTAS" MODIFY ("ZARAS" NOT NULL ENABLE);
  ALTER TABLE "SHOP_ADMIN"."UZLETNYITVATARTAS" ADD PRIMARY KEY ("UZLETID")
  USING INDEX PCTFREE 10 INITRANS 2 MAXTRANS 255 COMPUTE STATISTICS 
  STORAGE(INITIAL 65536 NEXT 1048576 MINEXTENTS 1 MAXEXTENTS 2147483645
  PCTINCREASE 0 FREELISTS 1 FREELIST GROUPS 1
  BUFFER_POOL DEFAULT FLASH_CACHE DEFAULT CELL_FLASH_CACHE DEFAULT)
  TABLESPACE "USERS"  ENABLE;
--------------------------------------------------------
--  Constraints for Table TERMEKFAJTA
--------------------------------------------------------

  ALTER TABLE "SHOP_ADMIN"."TERMEKFAJTA" MODIFY ("NEV" NOT NULL ENABLE);
  ALTER TABLE "SHOP_ADMIN"."TERMEKFAJTA" ADD PRIMARY KEY ("ID")
  USING INDEX PCTFREE 10 INITRANS 2 MAXTRANS 255 COMPUTE STATISTICS 
  STORAGE(INITIAL 65536 NEXT 1048576 MINEXTENTS 1 MAXEXTENTS 2147483645
  PCTINCREASE 0 FREELISTS 1 FREELIST GROUPS 1
  BUFFER_POOL DEFAULT FLASH_CACHE DEFAULT CELL_FLASH_CACHE DEFAULT)
  TABLESPACE "USERS"  ENABLE;
--------------------------------------------------------
--  Constraints for Table UZLET
--------------------------------------------------------

  ALTER TABLE "SHOP_ADMIN"."UZLET" ADD PRIMARY KEY ("ID")
  USING INDEX PCTFREE 10 INITRANS 2 MAXTRANS 255 COMPUTE STATISTICS 
  STORAGE(INITIAL 65536 NEXT 1048576 MINEXTENTS 1 MAXEXTENTS 2147483645
  PCTINCREASE 0 FREELISTS 1 FREELIST GROUPS 1
  BUFFER_POOL DEFAULT FLASH_CACHE DEFAULT CELL_FLASH_CACHE DEFAULT)
  TABLESPACE "USERS"  ENABLE;
--------------------------------------------------------
--  Constraints for Table KATEGORIA
--------------------------------------------------------

  ALTER TABLE "SHOP_ADMIN"."KATEGORIA" MODIFY ("NEV" NOT NULL ENABLE);
  ALTER TABLE "SHOP_ADMIN"."KATEGORIA" ADD PRIMARY KEY ("ID")
  USING INDEX PCTFREE 10 INITRANS 2 MAXTRANS 255 COMPUTE STATISTICS 
  STORAGE(INITIAL 65536 NEXT 1048576 MINEXTENTS 1 MAXEXTENTS 2147483645
  PCTINCREASE 0 FREELISTS 1 FREELIST GROUPS 1
  BUFFER_POOL DEFAULT FLASH_CACHE DEFAULT CELL_FLASH_CACHE DEFAULT)
  TABLESPACE "USERS"  ENABLE;
--------------------------------------------------------
--  Ref Constraints for Table ADMINISZTRATOR
--------------------------------------------------------

  ALTER TABLE "SHOP_ADMIN"."ADMINISZTRATOR" ADD FOREIGN KEY ("ID")
	  REFERENCES "SHOP_ADMIN"."FELHASZNALO" ("ID") ON DELETE CASCADE ENABLE;
--------------------------------------------------------
--  Ref Constraints for Table ERTEKELES
--------------------------------------------------------

  ALTER TABLE "SHOP_ADMIN"."ERTEKELES" ADD FOREIGN KEY ("FELHASZNALOID")
	  REFERENCES "SHOP_ADMIN"."FELHASZNALO" ("ID") ON DELETE CASCADE ENABLE;
  ALTER TABLE "SHOP_ADMIN"."ERTEKELES" ADD FOREIGN KEY ("TERMEKID")
	  REFERENCES "SHOP_ADMIN"."TERMEK" ("ID") ON DELETE CASCADE ENABLE;
  ALTER TABLE "SHOP_ADMIN"."ERTEKELES" ADD FOREIGN KEY ("SZOLGALTATASID")
	  REFERENCES "SHOP_ADMIN"."SZOLGALTATAS" ("ID") ON DELETE CASCADE ENABLE;
--------------------------------------------------------
--  Ref Constraints for Table FELHASZNALO
--------------------------------------------------------

  ALTER TABLE "SHOP_ADMIN"."FELHASZNALO" ADD FOREIGN KEY ("LAKCIMID")
	  REFERENCES "SHOP_ADMIN"."LAKCIM" ("ID") ON DELETE SET NULL ENABLE;
--------------------------------------------------------
--  Ref Constraints for Table KISZALLITAS
--------------------------------------------------------

  ALTER TABLE "SHOP_ADMIN"."KISZALLITAS" ADD FOREIGN KEY ("FELHASZNALOID")
	  REFERENCES "SHOP_ADMIN"."FELHASZNALO" ("ID") ON DELETE CASCADE ENABLE;
  ALTER TABLE "SHOP_ADMIN"."KISZALLITAS" ADD FOREIGN KEY ("LAKCIMID")
	  REFERENCES "SHOP_ADMIN"."LAKCIM" ("ID") ON DELETE CASCADE ENABLE;
--------------------------------------------------------
--  Ref Constraints for Table RENDELES
--------------------------------------------------------

  ALTER TABLE "SHOP_ADMIN"."RENDELES" ADD FOREIGN KEY ("FELHASZNALOID")
	  REFERENCES "SHOP_ADMIN"."FELHASZNALO" ("ID") ON DELETE CASCADE ENABLE;
  ALTER TABLE "SHOP_ADMIN"."RENDELES" ADD FOREIGN KEY ("KUPONKOD")
	  REFERENCES "SHOP_ADMIN"."KUPON" ("KOD") ON DELETE SET NULL ENABLE;
--------------------------------------------------------
--  Ref Constraints for Table RENDELESSZOLGALTATAS
--------------------------------------------------------

  ALTER TABLE "SHOP_ADMIN"."RENDELESSZOLGALTATAS" ADD FOREIGN KEY ("RENDELESSZAM")
	  REFERENCES "SHOP_ADMIN"."RENDELES" ("RENDELESSZAM") ON DELETE CASCADE ENABLE;
  ALTER TABLE "SHOP_ADMIN"."RENDELESSZOLGALTATAS" ADD FOREIGN KEY ("SZOLGALTATASID")
	  REFERENCES "SHOP_ADMIN"."SZOLGALTATAS" ("ID") ON DELETE CASCADE ENABLE;
--------------------------------------------------------
--  Ref Constraints for Table RENDELESTERMEK
--------------------------------------------------------

  ALTER TABLE "SHOP_ADMIN"."RENDELESTERMEK" ADD FOREIGN KEY ("RENDELESSZAM")
	  REFERENCES "SHOP_ADMIN"."RENDELES" ("RENDELESSZAM") ON DELETE CASCADE ENABLE;
  ALTER TABLE "SHOP_ADMIN"."RENDELESTERMEK" ADD FOREIGN KEY ("TERMEKID")
	  REFERENCES "SHOP_ADMIN"."TERMEK" ("ID") ON DELETE CASCADE ENABLE;
--------------------------------------------------------
--  Ref Constraints for Table TELJESIT
--------------------------------------------------------

  ALTER TABLE "SHOP_ADMIN"."TELJESIT" ADD FOREIGN KEY ("RENDELESSZAM")
	  REFERENCES "SHOP_ADMIN"."RENDELES" ("RENDELESSZAM") ON DELETE CASCADE ENABLE;
  ALTER TABLE "SHOP_ADMIN"."TELJESIT" ADD FOREIGN KEY ("KISZALLITASISZAM")
	  REFERENCES "SHOP_ADMIN"."KISZALLITAS" ("KISZALLITASISZAM") ON DELETE CASCADE ENABLE;
--------------------------------------------------------
--  Ref Constraints for Table TERMEK
--------------------------------------------------------

  ALTER TABLE "SHOP_ADMIN"."TERMEK" ADD FOREIGN KEY ("UZLETID")
	  REFERENCES "SHOP_ADMIN"."UZLET" ("ID") ON DELETE SET NULL ENABLE;
  ALTER TABLE "SHOP_ADMIN"."TERMEK" ADD FOREIGN KEY ("TERMEKFAJTAID")
	  REFERENCES "SHOP_ADMIN"."TERMEKFAJTA" ("ID") ON DELETE SET NULL ENABLE;
  ALTER TABLE "SHOP_ADMIN"."TERMEK" ADD FOREIGN KEY ("KATEGORIAID")
	  REFERENCES "SHOP_ADMIN"."KATEGORIA" ("ID") ON DELETE SET NULL ENABLE;
--------------------------------------------------------
--  Ref Constraints for Table UZLET
--------------------------------------------------------

  ALTER TABLE "SHOP_ADMIN"."UZLET" ADD FOREIGN KEY ("LAKCIMID")
	  REFERENCES "SHOP_ADMIN"."LAKCIM" ("ID") ON DELETE SET NULL ENABLE;
--------------------------------------------------------
--  Ref Constraints for Table UZLETNYITVATARTAS
--------------------------------------------------------

  ALTER TABLE "SHOP_ADMIN"."UZLETNYITVATARTAS" ADD FOREIGN KEY ("UZLETID")
	  REFERENCES "SHOP_ADMIN"."UZLET" ("ID") ON DELETE CASCADE ENABLE;
